QUEST_UNUSED_20150317_000001	啊哈，這條路是前往拜訪寬恕者大師的路啊！祝你好武運。	아하, 파드너 마스터에게로 가는 길이로군. 무운을 빕지요.				
QUEST_UNUSED_20150317_000002	路上小心。	먼 길 조심하십쇼.				
QUEST_UNUSED_20150317_000003	對。就是這個。已經被允許進到寬恕者門下了。{nl}向捐款箱投放的一牧銀幣所得到的免罪符能夠引導我們贖罪。{nl}請謹記財物還有女神巨大的祝福。	그래. 이거야. 파드너로 입문을 허락하지.{nl}면죄부를 산 은화 한 닢이 헌금함에 떨어지는 소리가 우릴 구원으로 이끌지.{nl}재물 또한 여신의 커다란 축복이라는 것을 명심하게.				
QUEST_UNUSED_20150317_000004	快回去寬恕者大師那裏。{nl}他找火甕找了很久。	어서 파드너 마스터께 돌아가 보게.{nl}그 불항아리를 아주 오랫동안 찾고 계셨거든.				
QUEST_UNUSED_20150317_000005	守門者貓頭鷹雕像	문지기 부엉이 조각상				
QUEST_UNUSED_20150317_000006	泰斯拉把木頭雕刻成我們的樣子。{nl}所以我們一直都想好好報答他的恩惠。{nl}	테슬라님은 나무를 깎아서 우릴 만드셨어요.{nl}그래서 우리 부엉이들은 항상 은혜를 갚고 싶어 한답니다.{nl}				문지기 부엉이 조각상
QUEST_UNUSED_20150317_000007	所以我說。我有事相求。{nl}能不能幫我收集大教堂的大理石雕像然後轉交給泰斯拉呢？	그래서 말인데요. 부탁드릴 것이 있어요.{nl}대성당에서 대리석 조각을 모아서 테슬라님께 전해 주실 수 있을까요?				문지기 부엉이 조각상
QUEST_UNUSED_20150317_000008	泰斯拉應該很喜歡大教堂的大理石吧？	대성당의 대리석이라면 테슬라님께서 좋아하시겠지요?				문지기 부엉이 조각상
QUEST_UNUSED_20150317_000009	貓頭鷹雕像的禮物嗎？{nl}那些可愛傢伙就是我生活的證據吧。{nl}	부엉이 조각상들의 선물인가?{nl}그 귀여운 녀석들은 내 삶에 대한 증거이지. {nl}				조각가 테슬라
QUEST_UNUSED_20150317_000010	總之…難怪好像有客人來的樣子，謝謝啊。	어쨌든.. 오늘 어쩐지 반가운 손님이 오실 것 같더라니, 고맙네그려.				조각가 테슬라
QUEST_UNUSED_20150317_000011	我第一次在柯拉佩達見到你的時候，我就在想你真的能用那纖細的手臂揮動劍嗎？{nl}不過現在都成為了人人歌頌的勇士了。{nl}	자네를 클라페다에서 처음 봤을 땐 그 가녀린 팔로 검이나 휘두를 수 있을까 싶었었지.{nl}허나 지금은 많은 이들이 칭송하는 용사 중의 용사가 되었구나.{nl}				소드맨 마스터
QUEST_UNUSED_20150317_000012	但我還是想確認看看你的勇氣。{nl}報喪女妖讓邪惡氣息瀰漫著整個黑暗森林…對你來說應該是個剛剛好的挑戰吧！	하지만 난 자네의 용기를 직접 확인하고 싶어.{nl}이 어두운 숲을 사악한 기운으로 뒤덮는 밴시.. 자네에겐 적당한 도전이 아닌가 싶군.				소드맨 마스터
QUEST_UNUSED_20150317_000013	不怎麼樣嘛！只不過是狩獵而已。{nl}他應該會在柯拉佩達等你喔！	별거 아닐세. 그저 사냥일 뿐이지.{nl}그럼, 클라페다에서 기다리고 있겠네.				소드맨 마스터
QUEST_UNUSED_20150317_000014	來了啊！我一直在等你呢！{nl}這是符合你勇氣的獎勵。	왔군. 기다리고 있었네.{nl}이 정도면 자네의 용기에 걸맞은 보상일 거야.				소드맨 마스터
QUEST_UNUSED_20150317_000015	呼呼，真是認真啊！{nl}我突然想起你還是實習法師的時候。那時候你真的很認真呢…{nl}	후후, 정말 열심이네. {nl}네가 아직 수습 위저드였을 때가 생각났어. 그때도 넌 참 열심이었지..{nl}				위저드 마스터
QUEST_UNUSED_20150317_000016	我很好奇你現在究竟進不了多少。{nl}汙染這黑暗森林的報喪女妖對你來說應該是個適當的挑戰吧？	지금의 네가 얼마나 성장했는지 알고 싶어.{nl}이 숲을 더럽히는 밴시들이라면 네게 적당한 도전이 아닐까?				위저드 마스터
QUEST_UNUSED_20150317_000017	我覺得比起考試這是做好事。{nl}那麼下次在柯拉佩達見囉！	시험보다는 좋은 일을 한다고 생각하는 거야.{nl}그럼, 나중에 클라페다에서 또 만나.				위저드 마스터
QUEST_UNUSED_20150317_000018	不錯，消滅的很乾脆。{nl}下次見面的時候我是否會更好奇你變成甚麼樣了呢？	그래, 멋지게 해치웠네.{nl}다음에 만날 땐 어떤 모습일지 더욱 궁금해지는걸?				위저드 마스터
QUEST_UNUSED_20150317_000019	第一次見到你的時候心想真是個半調子該不會馬上就被擊倒吧…{nl}現在竟然比我還有名。{nl}	널 처음 보았을 땐 너무 어설퍼서 금방 죽지 않을까.. 싶었는데.{nl}지금은 나보다도 더 유명해진 것 같아.{nl}				아처 마스터
QUEST_UNUSED_20150317_000020	我想看看你是不是真的實力如其名，跟我打個賭吧！？{nl}把汙染這森林的報喪女妖全都消滅吧怎麼樣？	네가 정말 그 명성에 걸맞는지 나와 내기를 해 볼까.{nl}이 숲을 뒤덮고 있는 역겨운 밴시들을 모두 처치하는 거지. 어때?				아처 마스터
QUEST_UNUSED_20150317_000021	其時打賭才沒那麼重要呢。重點是和我見面。{nl}那麼我就在柯拉佩達等你。	사실 내기가 뭐 그리 중요하겠어. 날 만난 게 더 중요하지.{nl}그럼, 클라페다에서 기다리겠어.				아처 마스터
QUEST_UNUSED_20150317_000022	來了啊！你真令人讚賞啊！{nl}我能期待你下次進步多少嗎？	왔군. 넌 정말 날 감탄하게 하는구나.{nl}다음엔 더 성장한 모습을 기대해도 되겠지?				아처 마스터
QUEST_UNUSED_20150317_000023	比起第一次來到柯拉佩達的時候，又充滿更多女神的祝福了。{nl}我想知道你信仰的心有多虔誠。{nl}	처음 클라페다에 왔을 때보다 더 여신의 은총이 충만해지신 것 같아요.{nl}당신의 신앙심이 얼마나 깊은지 알고 싶어요.{nl}				클레릭 마스터
QUEST_UNUSED_20150317_000024	當然這不是能以抽象標準來衡量的。{nl}我就是以女神之名將帶給這森林邪惡的氣息的報喪女妖們給驅趕走的。	물론 추상적인 기준으로 재보자는 건 아니에요.{nl}이 숲에 사악한 기운을 가져오는 밴시들을 여신의 이름으로 물리치는 거예요.				클레릭 마스터
QUEST_UNUSED_20150317_000025	女神的敵人就是我們的敵人。{nl}那麼我們柯拉佩達見。	여신의 적은 우리의 적이나 다름없습니다.{nl}그럼, 클라페다에서 뵙겠습니다.				클레릭 마스터
QUEST_UNUSED_20150317_000026	您來了啊！你的信仰之心很虔誠。{nl}給了我很多靈感。{nl}這是我的一點心意。請用在正確的地方。	오셨군요. 당신은 굉장한 신앙심을 보여 주셨습니다.{nl}그리고 제게 큰 영감도 주셨죠.{nl}이건 저의 작은 성의랍니다. 부디 옳은 일에 써 주세요.				클레릭 마스터
QUEST_UNUSED_20150317_000027	以前很清幽的這個地方現在因為怪物出沒而不得安寧。	예전엔 고요했던 이곳이 이제 몬스터들로 잠시도 조용할 때가 없습니다.				약한 부엉이 조각상
QUEST_UNUSED_20150317_000028	不管那個怪物的話牠會攻擊聚集而來的靈魂並且將之汙染。	저 몬스터를 그냥 두면 이곳에 모여드는 영혼을 공격하고 더럽힐 것입니다.				약한 부엉이 조각상
QUEST_UNUSED_20150317_000029	不管怎麼說那些傢伙數量總算有減少，我心情是有好一點。	녀석들이 조금이라도 줄어드니 기분이 나아졌습니다.				약한 부엉이 조각상
QUEST_UNUSED_20150317_000030	許多人們把家人的骨灰盒埋在這個地方。{nl}現在都被怪物們給挖開，就將骨灰盆改成安置在地面上了。	사람들은 가족의 유골함을 이곳에 묻어두곤 했습니다.{nl}지금은 몬스터들이 전부 파헤치기 때문에 땅 위에 방치되어 있습니다.				약한 부엉이 조각상
QUEST_UNUSED_20150317_000031	有一陣子常常能聽到先人們悲傷的啜泣聲… 一段令人懷念的時光。	이곳에 유족들의 슬픈 울음소리가 잠깐씩 들리던 그 시절이.. 가장 좋은 시절이었습니다.				약한 부엉이 조각상
QUEST_UNUSED_20150317_000032	還是有很多無法回收的遺物，但幸好還是守住一部分的遺物。	아직 거두지 못한 유물함이 많겠지만, 이나마 지켜내서 다행이라 생각합니다.				약한 부엉이 조각상
QUEST_UNUSED_20150317_000033	其他貓頭鷹雕像必須引導的靈魂們正往這裡來。{nl}關口附近一定是出事了。	다른 부엉이 조각상들이 인도해야 할 영혼들이 돌아오고 있습니다.{nl}관문 부근에 문제가 생긴 것이 분명합니다.				약한 부엉이 조각상
QUEST_UNUSED_20150317_000034	不知道發生甚麼事，總覺得我們好像被騙了。	뭔지 모르지만, 우리가 뭔가에 기만당하고 있는 느낌이 듭니다				약한 부엉이 조각상
QUEST_UNUSED_20150317_000035	不愧是魔族啊！{nl}正干擾著這裡的清靜。	역시 마족이었군요.{nl}이곳의 고요를 녀석이 더럽히고 있었습니다.				약한 부엉이 조각상
QUEST_UNUSED_20150317_000036	說不定那些奔向北方的靈魂們知道有關那傢伙的情報。	북쪽으로 달아난 영혼들이 녀석에 대한 정보를 알고 있을지 모릅니다.				약한 부엉이 조각상
QUEST_UNUSED_20150317_000037	迷路的靈魂	길 잃은 영혼				
QUEST_UNUSED_20150317_000038	您還活著啊…{nl}但你現在的處境也不安全。	당신은 살아 있군요..{nl}하지만 당신도 결코 안전하지 않습니다.				길 잃은 영혼
QUEST_UNUSED_20150317_000039	我不知道魔族在低吟甚麼…但那關口的門一定得打開才行。	마족이 무슨 꿍꿍인지는 모르겠습니다만… 저 관문은 꼭 열려야합니다.				약한 부엉이 조각상
QUEST_UNUSED_20150317_000040	大家都向更深處去尋找貓頭雕像了。{nl}能否幫我們逃出這裡呢？	모두 더 깊은 곳으로 부엉이 조각상을 찾아갔어요.{nl}우리가 이곳에서 탈출할 수 있게 좀 도와주시겠습니까?				길 잃은 영혼
QUEST_UNUSED_20150317_000041	怪物為了吸收靈魂而追上來了。{nl}被牠們逮到的話會被邪惡力量感染。	몬스터는 영혼을 흡수하려고 쫓아 다닙니다.{nl}그들에게 사로잡히면 사악한 힘에 물들어 버리죠.				길 잃은 영혼
QUEST_UNUSED_20150317_000042	太感謝了！{nl}可以找機會逃跑啊…	정말 고맙습니다!{nl}이 틈을 노려서 떠날 수 있겠군요..				길 잃은 영혼
QUEST_UNUSED_20150317_000043	依依不捨的靈魂	미련 많은 영혼				
QUEST_UNUSED_20150317_000044	我都知道。{nl}先行前往北邊的靈魂們沒辦法到達目的地的。{nl}不過可利用其他貓頭鷹雕像幫助指引方向。{nl}但我因為丘陵上方的吉伯優南瓜精沒辦法去…	저는 알고 있어요.{nl}앞서 북쪽으로 갔던 영혼들은 그곳에 도달할 수 없을 거예요.{nl}하지만 이 위쪽에 다른 부엉이 조각상으로 갈 수 있는 길이 있어요.{nl}언덕 위의 사크몰리들 때문에 저는 갈 수 없지만..				미련 많은 영혼
QUEST_UNUSED_20150317_000045	怪物們為什麼要追著我們跑啊…{nl}好累喔…死也不要…	몬스터들은 왜 우리를 쫓아 다니는 것일까요..{nl}괴롭습니다.. 죽어서도..				미련 많은 영혼
QUEST_UNUSED_20150317_000046	你說的都是事實嗎？{nl}真叫人生氣…	그 말이 사실인가요?{nl}길이 막혀있다니..				미련 많은 영혼
QUEST_UNUSED_20150317_000047	沒別的辦法了。{nl}我先告訴你那靈魂的去向吧。{nl}往北邊前進有個貓頭鷹雕像。先到那裏去看看吧。	어쩔 수 없네요.{nl}일단 그 영혼들이 어디로 향했는지 알려드릴게요.{nl}북쪽으로 나아가면 부엉이 조각상이 하나 있습니다. 그곳으로 가보세요.				미련 많은 영혼
QUEST_UNUSED_20150317_000048	等牠們湧進之前想趕快離開…	다시 녀석들이 몰려오기 전에 떠나고 싶어요..				미련 많은 영혼
QUEST_UNUSED_20150317_000049	神聖的貓頭鷹雕像	신성한 부엉이 조각상				
QUEST_UNUSED_20150317_000050	不久前才被變異的死亡魔特斯攻擊。{nl}再這樣下去我的木製身軀會被粉身碎骨的！	저는 얼마전부터 변이된 데스모두스에게 계속 공격당하고 있습니다.{nl}나무로 만들어진 제 몸도 이대로라면 곧 부서지겠죠!				신성한 부엉이 조각상
QUEST_UNUSED_20150317_000051	我不想再讓您拜託我保管的骨灰盆或靈魂迷失方向…	제게 맡겨진 유골함이나 영혼들을 또 다시 방황하게 만들고 싶진 않습니다…				신성한 부엉이 조각상
QUEST_UNUSED_20150317_000052	體型雖小卻是很心狠手辣的一群傢伙。	작지만 악랄한 녀석들이죠.				신성한 부엉이 조각상
QUEST_UNUSED_20150317_000053	雖然感到悲傷，我們雕像現在無法執行雕刻家給予的任務。{nl}只能在一旁保護他…{nl}	슬프지만, 우리 조각상들은 지금 조각가님께서 부여한 임무를 수행 할 수 없습니다.{nl}저 자신을 보호할 수만 있다면..{nl}				신성한 부엉이 조각상
QUEST_UNUSED_20150317_000054	你該負責的靈魂太多了。	책임져야할 영혼들이 너무 많습니다.				신성한 부엉이 조각상
QUEST_UNUSED_20150317_000055	真是優秀啊！	훌륭하군요!				신성한 부엉이 조각상
QUEST_UNUSED_20150317_000056	請往南邊走吧！{nl}可以找到像我一樣的破碎雕像的。	남쪽으로 가세요.{nl}저처럼 부서져 가는 조각상이 있을 겁니다.				신성한 부엉이 조각상
QUEST_UNUSED_20150317_000057	憂鬱的貓頭鷹雕像	우울한 부엉이 조각상				
QUEST_UNUSED_20150317_000058	看到活著的人過來真的很神奇！{nl}每天都守著靈魂們很久沒看到活人了。	살아있는 사람이 이곳에 오다니 신기하군요.{nl}영혼들을 보지 못한지 몇 년은 지난 것 같습니다.				우울한 부엉이 조각상
QUEST_UNUSED_20150317_000059	託您的福我才能撐過這些年。	당신 덕분에 여기서 몇 년은 버틸 수 있을 것 같습니다.				신성한 부엉이 조각상
QUEST_UNUSED_20150317_000060	您目睹的怪物就是把我們逼到絕境的幽靈范托群。{nl}為了阻止怪物橫行，必須清除空空的貓頭鷹。{nl}幽靈范托群正利用陷阱。{nl}必須至溪谷深處確認空空的貓頭鷹雕像。	당신이 목격한 몬스터들은 저희를 궁지로 몰아넣은 할로우벤터 무리입니다.{nl}몬스터들을 막기 위해서는 텅 빈 부엉이들을 제거해야 합니다.{nl}할로우벤터 무리가 덫으로 이용하고 있으니 말입니다.{nl}계곡 깊은 곳의 텅 빈 부엉이 조각상들을 확인해야합니다.				우울한 부엉이 조각상
QUEST_UNUSED_20150317_000061	靈魂前往尋找貓頭鷹。{nl}但被空空的貓頭鷹給吃掉了。{nl}這傢伙很清楚靈魂在來找我們的路上會迷路。	영혼은 부엉이들을을 찾아갑니다.{nl}하지만 텅빈 부엉이에게 먹혀버리지요.{nl}녀석은 영혼들이 우릴 찾아 헤맨다는 사실을 너무 잘 알고 있습니다				우울한 부엉이 조각상
QUEST_UNUSED_20150317_000062	我以為這些雕像都會被利用…	그렇게 많은 조각상을 이용하고 있을 줄이야..				우울한 부엉이 조각상
QUEST_UNUSED_20150317_000063	你見到的靈魂所說的地方就是它們為了來找我們貓頭鷹前來的地方。{nl}現在這裡則到處充滿了幽靈范托群安裝的陷阱。{nl}幽靈范托群陷阱對誰都是種威脅。	당신이 만난 영혼들이 말한 곳은 영혼들이 우리 부엉이들을 찾아 왔던 곳이었습니다.{nl}지금은 할로우벤터 무리가 설치한 함정으로 가득하죠.{nl}할로우벤터 무리의 함정은 누구에게나 위협이 됩니다.				우울한 부엉이 조각상
QUEST_UNUSED_20150317_000064	靈魂迷路的話會去找其他靈魂。{nl}靈魂就是這個時候會掉入發亮的陷阱。	영혼은 길을 잃으면 또 다른 영혼을 찾아갑니다.{nl}밝게 빛나는 함정은 그런식으로 영혼들을 유혹하지요.				우울한 부엉이 조각상
QUEST_UNUSED_20150317_000065	好多陷阱啊…	많은 함정이 있었군요..				우울한 부엉이 조각상
QUEST_UNUSED_20150317_000066	應該就在持有鑰匙的幽靈范托附近啊… {nl}真奇怪！	열쇠을 가진 할로우벤터가 주변에 있을 텐데..{nl}이상하군요.				우울한 부엉이 조각상
QUEST_UNUSED_20150317_000067	必須清除附近的幽靈范托群牠們才會出現。{nl}不出現的話就硬拖出來。	주변 할로우벤터 무리를 처치해야 나타날 것 같습니다.{nl}나오지 않는다면 끌어내야겠지요.				우울한 부엉이 조각상
QUEST_UNUSED_20150317_000068	那些怪物是從哪冒出來的？	저 몬스터들은 어디서 나타난 것일까요?				우울한 부엉이 조각상
QUEST_UNUSED_20150317_000069	這樣還不出來的話..{nl}就是在	이래도 나오지 않았다면..{nl}짚이는 곳이 있습니다..				우울한 부엉이 조각상
QUEST_UNUSED_20150317_000070	持有鑰匙的幽靈范托竟然不出來…{nl}應該就在我告訴你的那個地方。	이래도 열쇠를 가진 할로우벤터가 나오지 않는다니..{nl}반드시 제가 알려드린 곳에 있을 겁니다.				우울한 부엉이 조각상
QUEST_UNUSED_20150317_000071	等您到達的時候他會顯現原本面貌的。	당신이 도착하면 분명히 모습을 드러낼 겁니다.				우울한 부엉이 조각상
QUEST_UNUSED_20150317_000072	這個…是關口的鑰匙。	이건.. 관문 열쇠입니다.				우울한 부엉이 조각상
QUEST_UNUSED_20150317_000073	用鑰匙打開關口的門吧！{nl}指引靈魂的領路人靈魂就在關口的對面。{nl}那個靈魂會幫助你的。	열쇠로 관문을 여십시오.{nl}관문의 건너편에 영혼들을 인도해주는 길잡이 영혼이 있을 겁니다.{nl}그 영혼이 당신을 도와줄 겁니다.				우울한 부엉이 조각상
QUEST_UNUSED_20150317_000074	靈魂中偶爾會有人不想接受指引，而留下來幫助別人。就是不同類的靈魂。	가끔 영혼들 중엔 인도받기보단 남아서 봉사하는 분들이 있습니다. 그 영혼은 그런 부류입니다.				우울한 부엉이 조각상
QUEST_UNUSED_20150317_000075	領路人靈魂	길잡이 영혼				
QUEST_UNUSED_20150317_000076	你好！{nl}啊…原來是活人啊！	안녕하세요!{nl}아.. 살아계신 분이군요.				길잡이 영혼
QUEST_UNUSED_20150317_000077	我也錯過了接受指引的時間了。但是我可沒有因此而墮落。{nl}在你來之前，沒有我必須指引的靈魂，我正想放棄呢。{nl}現在請幫我打開關口吧！{nl}還有請告知對面的貓頭鷹雕像這裡非常安全！	저는 이미 인도받을 시기가 지났습니다. 하지만 절대로 타락하지 않았죠.{nl}당신이 오기 전까진 제가 안내해야 할 영혼이 없어서 포기하고 있던 참입니다.{nl}이제 가서 저 관문을 열어주세요.{nl}그리고 건너편의 부엉이 조각상에게 이제 여긴 안전하다고 꼭 전해주세요!				길잡이 영혼
QUEST_UNUSED_20150317_000078	我嗎？要說我的事的話可說不完啊…	저요? 제 이야기를 하려면 사연이 너무 많은데…				길잡이 영혼
QUEST_UNUSED_20150317_000079	要消滅魔族的話，我以為那些部下都消失了呢… {nl}結果不是啊！謝謝你幫我開門。	마족을 처치하면 그 부하들이 사라질 줄 알았는데..{nl}아니었군요. 문을 열어 주셔서 감사합니다.				약한 부엉이 조각상
QUEST_UNUSED_20150317_000080	請聽從領路人靈魂的建議。{nl}迷失的靈魂需要你的幫助…	길잡이 영혼에게 조언을 들으세요.{nl}헤매는 영혼에게 도움이 필요합니다..				약한 부엉이 조각상
QUEST_UNUSED_20150317_000081	這樣我很困擾。那力量若是屬於魔族的話會怎麼樣呢？	곤란하네요. 그 힘이 또 마족이면 어떡하죠?				약한 부엉이 조각상
QUEST_UNUSED_20150317_000082	啊，原來你在說那個靈魂啊！{nl}它在丘陵高處四處徘徊找不到路。	아, 그 영혼을 말씀하시는군요.{nl}그건 언덕 높은 곳에서 헤매고 있습니다.				길잡이 영혼
QUEST_UNUSED_20150317_000083	如果您要確定要出發的話我會替你指引路的。{nl}但是在路上有很多黑暗史萊姆。{nl}對您來說是一大威脅啊。	가시겠다면 방향을 알려드리겠습니다.{nl}하지만 가시는 길에 다크슬라임이 많이 있습니다. {nl}분명 당신에게 큰 위협이 될 것입니다.				길잡이 영혼
QUEST_UNUSED_20150317_000084	我有把握那絕對不是魔族。{nl}但是我有點搞混。	확실한 것은 그게 결코 마족이 아니라는 것입니다.{nl}그런데  매우 혼란스러워 보입니다.				길잡이 영혼
QUEST_UNUSED_20150317_000085	不知名的靈魂	이름 모를 영혼				
QUEST_UNUSED_20150317_000086	我們貓頭鷹們正在等您呢！{nl}歡迎。	우리 부엉이들은 당신을 기다리고 있었습니다.{nl}환영합니다.				약한 부엉이 조각상
QUEST_UNUSED_20150317_000087	暗黑吉嘎利們在那裏徘徊著{nl}雕刻家看到這森林一定會很心痛的…	저기 검은 지그리들이 돌아다니고 있습니다.{nl}조각가님께서 이 숲을 보면 얼마나 슬퍼하실지..				약한 부엉이 조각상
QUEST_UNUSED_20150317_000088	光是看到散佈在那裏的骨灰盆就心痛。	저 앞에 흩어져 있는 유골함만 봐도 가슴이 아픕니다.				약한 부엉이 조각상
QUEST_UNUSED_20150317_000089	赤紅普朗基正威脅我們。{nl}看看牠們在那裏徘徊的樣子。	붉은 푸라기가 우리를 위협하고 있습니다.{nl}저기 돌아다니는 것 좀 보세요.				길 잃은 영혼
QUEST_UNUSED_20150317_000090	暗黑南瓜精在那裏的話…沒辦法穿過那裏。{nl}丘陵上方都是暗黑南瓜精。	검은 사크몰리들이 저기 있는 동안에는.. 지나갈 수 없습니다.{nl}언덕 위에 검은 사크몰리가 가득해요.				미련 많은 영혼
QUEST_UNUSED_20150317_000091	我想到可以保護我的方法了。{nl}雖然渺茫但我還是能感覺得到漁人怪吞噬的靈魂們。{nl}如果你幫我找回被漁人怪吞噬的神聖力的話…	저를 보호할 방법이 생각났습니다.{nl}피셔맨들이 집어삼킨 영혼들에서 미미하게나마 신성력이 느껴집니다.{nl}피셔맨들이 삼킨 신성력을 찾아온다면..				신성한 부엉이 조각상
QUEST_UNUSED_20150317_000092	貓頭鷹雕像的等待	부엉이 조각상의 기다림				
QUEST_UNUSED_20150317_000093	安靜的森林(1)	고요의 숲(1)				
QUEST_UNUSED_20150317_000094	提議要消滅暗黑吉嘎利。	검은 지그리를 처치하겠다고 제안한다				
QUEST_UNUSED_20150317_000095	安靜的森林(2)	고요의 숲(2)				
QUEST_UNUSED_20150317_000096	Notice/將靈魂骨灰盆轉交給貓頭鷹雕像。	Notice/영혼의 유골함을 약한부엉이 조각상에게 전달했습니다.				
QUEST_UNUSED_20150317_000097	安靜的森林(3)	고요의 숲(3)				
QUEST_UNUSED_20150317_000098	提議要確認關口。	관문을 확인하겠다고 제안한다				
QUEST_UNUSED_20150317_000099	安靜的森林(4)	고요의 숲(4)				
QUEST_UNUSED_20150317_000100	提議要尋找靈魂。	영혼을 찾아보겠다고 제안한다				
QUEST_UNUSED_20150317_000101	在毒裡的靈魂(1)	독 안에 든 영혼(1)				
QUEST_UNUSED_20150317_000102	提議要消滅赤紅普朗基。	붉은 푸라기를 처치하겠다고 제안한다				
QUEST_UNUSED_20150317_000103	在毒裡的靈魂(2)	독 안에 든 영혼(2)				
QUEST_UNUSED_20150317_000104	提議要消滅暗黑南瓜精。	검은 사카몰리를 처치하겠다고 제안한다				
QUEST_UNUSED_20150317_000105	在毒裡的靈魂(3)	독 안에 든 영혼(3)				
QUEST_UNUSED_20150317_000106	提議要確認貓頭鷹雕像。	부엉이 조각상을 확인해보겠다고 제안한다				
QUEST_UNUSED_20150317_000107	在毒裡的靈魂(4)	독 안에 든 영혼(4)				
QUEST_UNUSED_20150317_000108	確認中/MAKING/2.5/TRACK_BEFORE/None	확인 중/MAKING/2.5/TRACK_BEFORE/None				
QUEST_UNUSED_20150317_000109	貓頭鷹雕像的救援請求	부엉이 조각상의 구원요청				
QUEST_UNUSED_20150317_000110	提議要消滅死亡魔特斯。	데스모두스를 처치하겠다고 제안한다				
QUEST_UNUSED_20150317_000111	森林裡滲入魔族(1)	숲에 스며든 마족(1)				
QUEST_UNUSED_20150317_000112	提出要主動幫忙。	도움을 주겠다고 제안한다				
QUEST_UNUSED_20150317_000113	森林裡滲入魔族(2)	숲에 스며든 마족(2)				
QUEST_UNUSED_20150317_000114	提議要尋找貓頭鷹雕像。	부엉이 조각상을 찾아가겠다고 제안한다				
QUEST_UNUSED_20150317_000115	靈魂獵人(1)	영혼 사냥꾼(1)				
QUEST_UNUSED_20150317_000116	提出確認貓頭鷹雕像。	부엉이 조각상을 확인하겠다고 제안한다				
QUEST_UNUSED_20150317_000117	靈魂獵人(2)	영혼 사냥꾼(2)				
QUEST_UNUSED_20150317_000118	提出清除陷阱的建議。	함정을 제거하겠다고 제안한다				
QUEST_UNUSED_20150317_000119	靈魂獵人(3)	영혼 사냥꾼(3)				
QUEST_UNUSED_20150317_000120	提議要消滅幽靈范托群。	할로우벤터 무리를 처치하겠다고 제안한다				
QUEST_UNUSED_20150317_000121	靈魂獵人(4)	영혼 사냥꾼(4)				
QUEST_UNUSED_20150317_000122	提議要消滅幽靈范托的建議。	할로우벤터를 처치하겠다고 제안한다				
QUEST_UNUSED_20150317_000123	打開關口(1)	관문 열기(1)				
QUEST_UNUSED_20150317_000124	打開關口(2)	관문 열기(2)				
QUEST_UNUSED_20150317_000125	告訴貓頭鷹雕像靈魂的故事。	부엉이 조각상에게 영혼의 이야기를 전해준다				
QUEST_UNUSED_20150317_000126	迷失的靈魂(1)	헤매는 영혼(1)				
QUEST_UNUSED_20150317_000127	迷失的靈魂(2)	헤매는 영혼(2)				
QUEST_UNUSED_20150317_000128	提出要消滅黑暗史萊姆的建議。	다크 슬라임을 처치하겠다고 제안한다				
QUEST_UNUSED_20150317_000129	迷失的靈魂(3)	헤매는 영혼(3)				
QUEST_UNUSED_20150317_000130	比特雷巨蜂的襲擊	비테레지나의 습격				
QUEST_UNUSED_20150317_000131	狼人的襲擊	웨어울프의 습격				
QUEST_UNUSED_20150317_000132	Notice/!/請消滅狼人！	Notice/!/웨어울프를 처치하세요!				
QUEST_UNUSED_20150317_000133	占領魔法師之塔的魔君主	마법사의 탑을 점령한 마군주				
QUEST_UNUSED_20150317_000134	報答財務的恩惠[轉職寬恕者](4)	재물에도 은혜를[파드너 전직](4)				
QUEST_UNUSED_20150317_000135	密室的秘室	밀실의 비밀				
QUEST_UNUSED_20150317_000136	我會接受打賭。	내기에 응하겠다고 한다				
QUEST_UNUSED_20150317_000137	接受試驗。	시험을 받아 들인다				
QUEST_UNUSED_20150317_000138	好奇心承認	호기심의 긍정				
QUEST_UNUSED_20150317_000139	我會幫忙。	해주겠다고 한다				
QUEST_UNUSED_20150317_000140	與虛弱的貓頭鷹雕像對話	약한 부엉이 조각상과 대화한다				
QUEST_UNUSED_20150317_000141	進入布袋頭嶺	자루머리 고개 진입				
QUEST_UNUSED_20150317_000142	移動至布袋頭嶺	자루머리 고개로 이동한다				
QUEST_UNUSED_20150317_000143	消滅暗黑吉嘎利	검은 지그리 처치				
QUEST_UNUSED_20150317_000144	消滅暗黑吉嘎利	검은 지그리를 처치한다				
QUEST_UNUSED_20150317_000145	回收骨灰盆	유골함을 회수				
QUEST_UNUSED_20150317_000146	收集散佈在布袋頭嶺入口的骨灰盆。	자루머리 고개입구에 흩어져 있는 유골함을 모아온다				
QUEST_UNUSED_20150317_000147	確認靈魂的關口	영혼의 관문 확인				
QUEST_UNUSED_20150317_000148	確認後進入靈魂的關口	영혼의 관문을 확인하고 돌아온다				
QUEST_UNUSED_20150317_000149	與迷路的靈魂對話	길 잃은 영혼과 대화				
QUEST_UNUSED_20150317_000150	沿著往北的路往上走與迷路的靈魂對話	북쪽길을 따라 올라가 길 잃은 영혼과 대화한다				
QUEST_UNUSED_20150317_000151	與迷路的靈魂對話	길 잃은 영혼과 대화한다				
QUEST_UNUSED_20150317_000152	消滅赤紅普朗基	붉은 푸라기 처치				
QUEST_UNUSED_20150317_000153	消滅赤紅普朗基	붉은 푸라기를 처치한다				
QUEST_UNUSED_20150317_000154	與依依不捨的靈魂對話	미련 많은 영혼과 대화				
QUEST_UNUSED_20150317_000155	與依依不捨的靈魂對話	미련 많은 영혼과 대화한다				
QUEST_UNUSED_20150317_000156	消滅暗黑南瓜精	검은 사크몰리 처치				
QUEST_UNUSED_20150317_000157	消滅暗黑南瓜精	검은 사크몰리를 처치한다				
QUEST_UNUSED_20150317_000158	消滅暗黑南瓜精	검은 사카몰리 처치				
QUEST_UNUSED_20150317_000159	確認貓頭鷹雕像	부엉이 조각상 확인				
QUEST_UNUSED_20150317_000160	確認貓頭鷹雕像	부엉이 조각상을 확인한다				
QUEST_UNUSED_20150317_000161	消滅蜂湧而上的怪物	몰려드는 몬스터 처치				
QUEST_UNUSED_20150317_000162	消滅蜂湧而上的怪物	몰려드는 몬스터를 처치한다				
QUEST_UNUSED_20150317_000163	與神聖的貓頭鷹雕像對話	신성한 부엉이 조각상과 대화				
QUEST_UNUSED_20150317_000164	與神聖的貓頭鷹雕像對話	신성한 부엉이 조각상과 대화한다				
QUEST_UNUSED_20150317_000165	消滅死亡魔特斯 	데스모두스 처치				
QUEST_UNUSED_20150317_000166	消滅死亡魔特斯 	데스모두스를 처치한다				
QUEST_UNUSED_20150317_000167	漁人怪的神聖力碎片次數	피셔맨에게 신성력조각 회수				
QUEST_UNUSED_20150317_000168	找回漁人怪神聖力碎片	피셔맨에게 신성력조각을 되찾아온다				
QUEST_UNUSED_20150317_000169	消滅赤紅漁人怪	붉은 피셔맨 처치				
QUEST_UNUSED_20150317_000170	與憂鬱的貓頭鷹雕像對話	우울한 부엉이 조각상과 대화				
QUEST_UNUSED_20150317_000171	與憂鬱的貓頭鷹雕像對話	우울한 부엉이 조각상과 대화한다				
QUEST_UNUSED_20150317_000172	確認空空的貓頭鷹雕像	텅빈 부엉이 조각상 확인				
QUEST_UNUSED_20150317_000173	確認空空的貓頭鷹雕像	텅빈 부엉이 조각상을 확인한다				
QUEST_UNUSED_20150317_000174	清除靈魂的陷阱	영혼의 함정 제거				
QUEST_UNUSED_20150317_000175	找尋並清除靈魂的陷阱	영혼의 함정을 찾아서 제거한다				
QUEST_UNUSED_20150317_000176	消滅地獄亡靈的部下	네크로벤터의 부하 처치				
QUEST_UNUSED_20150317_000177	消滅地獄亡靈的部下	네크로벤터의 부하들을 처치한다				
QUEST_UNUSED_20150317_000178	消滅靈魂獵人的部下	영혼 사냥꾼의 부하 처치				
QUEST_UNUSED_20150317_000179	消滅鑰匙管理幽靈范托	열쇠 지기 헬로우벤터 처치				
QUEST_UNUSED_20150317_000180	消滅鑰匙管理幽靈范托並獲得鑰匙	열쇠 지기 헬로우벤터 처치하고 열쇠를 획득한다				
QUEST_UNUSED_20150317_000181	鑰匙管理	열쇠 지기				
QUEST_UNUSED_20150317_000182	幽靈范托的部下	할로우벤터의 부하				
QUEST_UNUSED_20150317_000183	與領路人靈魂對話	길잡이 영혼과 대화				
QUEST_UNUSED_20150317_000184	與領路人靈魂對話	길잡이 영혼과 대화한다				
QUEST_UNUSED_20150317_000185	消滅擋路的怪物	방해하는 몬스터를 처치				
QUEST_UNUSED_20150317_000186	消滅擋路的怪物	방해하는 몬스터를 처치한다				
QUEST_UNUSED_20150317_000187	消滅地獄亡靈的殘黨	네크로벤터의 잔당 처치				
QUEST_UNUSED_20150317_000188	消滅暗黑史萊姆	검은 슬라임 처치				
QUEST_UNUSED_20150317_000189	消滅暗黑史萊姆	검은 슬라임을 처치한다				
QUEST_UNUSED_20150317_000190	確認可疑的場所	의심스런 장소 확인				
QUEST_UNUSED_20150317_000191	確認可疑的場所	의심스런 장소를 확인한다				
QUEST_UNUSED_20150317_000192	限制時間內地區防禦	제한 시간동안 지역방어				
QUEST_UNUSED_20150317_000193	於限制時間內存活於撲上前來的怪物攻擊下。	제한 시간동안 덤벼드는 몬스터의 공격에서 살아 남는다				
QUEST_UNUSED_20150317_000194	與不知名的靈魂對話	이름 모를 영혼과 대화				
QUEST_UNUSED_20150317_000195	與不知名的靈魂對話	이름 모를 영혼과 대화한다				
QUEST_UNUSED_20150317_000196	消滅擋路的怪物	길을 가로막는 몬스터 처치				
QUEST_UNUSED_20150317_000197	請消滅比特雷巨蜂。	비테레지나를 처치하세요				
QUEST_UNUSED_20150317_000198	消滅比特雷巨蜂	비테레지나 처치				
QUEST_UNUSED_20150317_000199	狼人出現了。	웨어울프가 나타났습니다				
QUEST_UNUSED_20150317_000200	消滅突然出現的狼人	갑자기 나타난 웨어울프 처치				
QUEST_UNUSED_20150317_000201	消滅狼人	웨어울프 처치				
QUEST_UNUSED_20150317_000202	消滅哈明	하밍 처치				
QUEST_UNUSED_20150317_000203	尋找占領魔法師之塔的魔君主	마법사의 탑을 점령한 마군주 찾기				
QUEST_UNUSED_20150317_000204	尋找占領魔法師之塔的魔君主赫嘉塞露女妖。	마법사의 탑을 점령한 마군주 헬가세르클을 찾아보세요.				
QUEST_UNUSED_20150317_000205	去見佩迪米安的道具商人	페디미안의 도구상인 만나기				
QUEST_UNUSED_20150317_000206	和突然出現的劍士大師對話	갑자기 나타난 소드맨 마스터와 대화				
QUEST_UNUSED_20150317_000207	劍士大師不知為何突然出現在您的面前。請與他對話。	어떤 이유인지 당신의 앞에 소드맨 마스터가 나타났습니다. 대화를 나누어 보세요.				
QUEST_UNUSED_20150317_000208	發現隱藏任務	히든 퀘스트 발생				
QUEST_UNUSED_20150317_000209	已發現隱藏任務。請在卡汀的密室狩獵報喪女妖。	숨겨진 퀘스트가 발생하였습니다. 카틴의 밀실에서 밴시를 사냥하세요.				
QUEST_UNUSED_20150317_000210	順利完成了劍士大師的測試了。請去拜訪柯拉佩達的劍士大師。	소드맨 마스터의 시험을 무사히 마쳤습니다. 클라페다에 있는 소드맨 마스터를 찾아 가세요.				
QUEST_UNUSED_20150317_000211	消滅報喪女妖	밴시 처치				
QUEST_UNUSED_20150317_000212	和突然出現的法師大師對話	갑자기 나타난 위저드 마스터와 대화				
QUEST_UNUSED_20150317_000213	法師大師不知為何突然出現在您的面前。請與他對話。{nl}	어떤 이유인지 당신의 앞에 위저드 마스터가 나타났습니다. 대화를 나누어 보세요.{nl}				
QUEST_UNUSED_20150317_000214	拜訪法師大師	위저드 마스터 찾아가기				
QUEST_UNUSED_20150317_000215	順利完成了法師大師的測試了。請去拜訪柯拉佩達的法師大師。	위저드 마스터의 시험을 무사히 마쳤습니다. 클라페다에 있는 위저드 마스터를 찾아 가세요.				
QUEST_UNUSED_20150317_000216	和突然出現的弓箭手大師對話	갑자기 나타난 아처 마스터와 대화				
QUEST_UNUSED_20150317_000217	弓箭手大師不知為何突然出現在您的面前。請與他對話。	어떤 이유인지 당신의 앞에 아처 마스터가 나타났습니다. 대화를 나누어 보세요.				
QUEST_UNUSED_20150317_000218	出現隱藏任務了。請在卡汀的密室狩獵報喪女妖。	숨겨진 퀘스트가 발생하였습니다. 카틴의 밀실에서 밴시를 사냥하세요				
QUEST_UNUSED_20150317_000219	順利完成了弓箭手大師的測試了。請去拜訪柯拉佩達的弓箭手大師。	아처 마스터의 시험을 무사히 마쳤습니다. 클라페다에 있는 아처 마스터를 찾아 가세요.				
QUEST_UNUSED_20150317_000220	和突然出現的牧師大師對話	갑자기 나타난 클레릭 마스터와 대화				
QUEST_UNUSED_20150317_000221	牧師大師不知為何突然出現在您的面前。請與他對話。	어떤 이유인지 당신의 앞에 클레릭 마스터가 나타났습니다. 대화를 나누어 보세요.				
QUEST_UNUSED_20150317_000222	順利完成了牧師大師的測試了。請去拜訪柯拉佩達的牧師大師。	클레릭 마스터의 시험을 무사히 마쳤습니다. 클라페다에 있는 클레릭 마스터를 찾아 가세요.				
QUEST_UNUSED_20150317_000223	守門者貓頭鷹正在打聽關於你而且很高興能有你的消息。請和守門者貓頭鷹對話。	문지기 부엉이는 당신을 알아보고 반가워 합니다. 문지기 부엉이와 대화해 보세요.				
QUEST_UNUSED_20150317_000224	在大教堂中尋找大理石雕像	대성당에서 대리석 조각 구하기				
QUEST_UNUSED_20150317_000225	根據守門者貓頭鷹的說法，貓頭鷹雕像很想報答雕刻家泰斯拉的恩惠。請救出被困在大教堂怪物手中的大理石雕像。	문지기 부엉이의 말로는 부엉이 조각상들은 조각가 테슬라에게 은혜를 갚고 싶어 한다고 합니다. 대성당의 몬스터에게서 대리석 조각을 구하세요.				
QUEST_UNUSED_20150317_000226	將大理石雕像轉交給雕刻家泰斯拉	조각가 테슬라에게 대리석 조각 전달				
QUEST_UNUSED_20150317_000227	已經找到大理石雕像了。請將 大理石雕像帶給瑪凌波石窟的雕刻家泰斯拉。	대리석 조각을 충분히 구한 것 같습니다. 마름포석골에 있는 조각가 테슬라에게 대리석 조각을 가져다 주세요.				
QUEST_UNUSED_20150323_000228	進入庫萊嶺	쿨레 고개 진입				
QUEST_UNUSED_20150323_000229	移動至萊嶺	쿨레 고개로 이동한다				
QUEST_UNUSED_20150323_000230	收集散佈在庫萊嶺入口的骨灰盆。	쿨레 고개입구에 흩어져 있는 유골함을 모아온다				
QUEST_UNUSED_20150323_000231	已經找到大理石雕像了。請將 大理石雕像帶給瑪凌波石窟的雕刻家泰斯拉。	대리석 조각을 충분히 구한 것 같습니다. 비에타 계곡에 있는 조각가 테슬라에게 대리석 조각을 가져다 주세요.				
QUEST_UNUSED_20150714_000232	也許會有危險所以麻煩你幫我消滅周圍的怪物。{nl}我看過洛圖瑪第1遺址的怪物變得非常殘暴。	그래도 혹시 모르니 이 주변의 몬스터 퇴치를 부탁드리겠습니다.{nl}로도마 제1 유적지의 몬스터가 난폭하게 변했다는 보고도 있었거든요.	QUEST_LV_0100_20150317_000139	也許怕有個萬一，還是請你替我消滅這周邊的怪物。{nl}據說有人目睹洛圖瑪第1遺址的怪物變得異常兇暴。	그래도 혹시 모르니 이 주변의 몬스터 처치를 부탁드리겠습니다.{nl}로도마 제1 유적지의 몬스터가 난폭하게 변했다는 보고도 있었거든요.	용병 글렌
QUEST_UNUSED_20150714_000233	總之，很好。{nl}我需要徘徊在無名勇士的墳墓的亡靈持有的靈魂精髓 。{nl}不管用何種手段都沒關係，請幫我取得靈魂精髓吧！	어쨌든, 좋습니다. {nl}무명용사의 무덤에서 방황하는 망령이 가지고 있는 영혼의 정수가 필요합니다.{nl}무슨 수를 써도 상관없으니 그들에게 영혼의 정수를 받아 주시지요.	QUEST_LV_0100_20150317_001604	總之，很好。{nl}我需要徘徊在無名勇士的墳墓的亡靈持有的靈魂精髓 。{nl}不管用何種手段都沒關係，請幫我取得靈魂精髓吧！	어쨌든, 좋습니다. {nl}무명용사의 무덤에서 방황하는 망령이 가지고 있는 영혼의 정수가 필요합니다.{nl}무슨 수를 써도 상관없으니 그들에게 영혼의 정수를 받아 주시지요. 	무덤지기 부엉이 조각상
QUEST_UNUSED_20150714_000234	不過我想要的只不過是純淨的靈魂。{nl}我希望您將帶來的兩個靈魂石放入禮盒裡並進行淨化。	하지만 제가 원하는 것은 순수한 영혼입니다.{nl}가져오신 두 개의 영혼석을 성물함에 넣고 정화했으면 합니다.	QUEST_LV_0200_20150317_000699	但我要的只是純粹的靈魂而已。{nl}希望你把你帶來的兩個靈魂石放入聖物盒裡面淨化。	하지만 제가 원하는 것은 순수한 영혼입니다.{nl}가져오신 두 개의 영혼석을 성물함에 넣고 정화했으면 합니다. 	무덤지기 부엉이 조각상
QUEST_UNUSED_20150714_000235	剛剛您取得的金屬板… 好像還有殘餘下個部分的樣子。{nl}我找到的金屬板好像已經是完整的，真是大事不妙！{nl}	조금 전에 찾아 주셨던 금속판.. 아무래도 다음 부분이 남아있는 것 같아요.{nl}제가 찾은 금속판은 그게 전부인데 큰일이네요.{nl}				알뤼다
QUEST_UNUSED_20150714_000236	啊好像還漏掉了一個地方沒找，波薩斯街道。{nl}要不要去看看呢？	아, 아직 한 군데 찾지 않은 곳이 있기는 해요. 폴사스 가도요.{nl}그곳에 한 번 가 봐 주실래요?				알뤼다
QUEST_UNUSED_20150714_000237	還順利嗎？{nl}我實在想得不夠遠。	잘 되어 가시나요?{nl}제 생각이 좀 짧았나봐요.				알뤼다
QUEST_UNUSED_20150714_000238	這些是研究文件。只要轉告寒冰法師大師這是我替奇堤斯交的研究資料就可以了。	연구 자료입니다. 크리오맨서 마스터에게 기티스 대신해서 연구 자료를 준다고 말씀하시면 됩니다.	QUEST_LV_0200_20150323_003824	這些是研究文件。只要轉告寒冰法師大師這是我替奇堤斯交的研究資料就可以了。	연구 자료입니다. 크리오맨서 마스터에게 기티스 대신해서 연구 자료를 준다고 말씀하시면 됩니다. 	파이로맨서 마스터
QUEST_UNUSED_20150714_000239	駕馭那隻群樹林哥布林的巨大傢伙在那裏。	저 우드 고블린들을 통솔하는 거대한 녀석이 있습니다.				수도사 제프리
QUEST_UNUSED_20150714_000240	有可能在拉烏基美濕地跟樹林巨獸哥布林碰上喔！{nl}如果真的碰上了，請務必消滅牠們。	이곳 라우키에 저습지에서 자이언트 우드 고블린을 마주치실지도 모르겠군요.{nl}그렇게 된다면 힘드시더라도 꼭 없애 주시기 바랍니다.				수도사 제프리
QUEST_UNUSED_20150714_000241	實力如其龐大身軀的強大傢伙。請務必小心。	덩치에 걸맞게 강력한 녀석입니다. 부디 조심하십시오.				수도사 제프리
QUEST_UNUSED_20150714_000242	若要跟這些傢伙硬碰硬的話，我勸你多找一些人吧。	녀석을 상대하시게 된다면 다른 사람들과 함께 하시기를 권합니다.				수도사 제프리
QUEST_UNUSED_20150714_000243	我以為你會打倒那傢伙呢…{nl}啟示者比我想的還要強大呢！令人讚嘆！{nl}如果跟啟示者一起並肩作戰的話收復首都應該不是甚麼難事吧！	그 녀석을 쓰러뜨리실 줄이야...{nl}계시자님은 제 생각 이상으로 강력한 분이시로군요. 감탄했습니다.{nl}계시자님과 함께라면 수도원 수복도 손쉬운 일이 아닐까 싶군요.				수도사 제프리
QUEST_UNUSED_20150714_000244	正在配置引誘物	유인물 배치 중				
QUEST_UNUSED_20150714_000245	點火中	불 붙이는 중				
QUEST_UNUSED_20150714_000246	Notice/已將靈魂的骨灰盆交給貓頭鷹雕像	Notice/영혼의 유골함을 약한 부엉이 조각상에게 전달했습니다	QUEST_UNUSED_20150317_000096	Notice/將靈魂骨灰盆轉交給貓頭鷹雕像。	Notice/영혼의 유골함을 약한부엉이 조각상에게 전달했습니다.	
QUEST_UNUSED_20150714_000247	安裝鑰匙中	열쇠 설치 중				
QUEST_UNUSED_20150714_000248	放餌中	미끼를 놓는 중				
QUEST_UNUSED_20150714_000249	除草劑始使用中	제초제 사용 중				
QUEST_UNUSED_20150714_000250	Notice/請破壞補給品箱子並追蹤逃亡的布貝族！#10	Notice/보급품 상자를 파괴하고 도망간 부베를 추적하세요!#10	QUEST_LV_0200_20150317_001781	Notice/請追殺破壞補給品箱子並逃跑的布貝！#10	Notice/보급품 상자를 파괴하고 도망간 부베를 추적하십시오!#10	
QUEST_UNUSED_20150714_000251	Notice/請追蹤逃亡的布貝族！#8	Notice/도망간 부베족을 추적하세요!#8	QUEST_LV_0200_20150317_001784	Notice/追殺逃跑的布貝吧！#8	Notice/도망간 부베족을 추적하자!#8	
QUEST_UNUSED_20150714_000252	Notice/請移動至下一地區。#5	Notice/다음 지역으로 이동하세요#5				
QUEST_UNUSED_20150714_000253	Notice/!/請消滅擋路的雷普斯！#8	Notice/!/길을 막고있는 레푸스를 처치하세요!#8	QUEST_LV_0100_20150317_003522	Notice/!/消滅擋路的雷普斯！#8	Notice/!/길을 막고있는 레푸스 처치!#8	
QUEST_UNUSED_20150714_000254	Notice/已經消滅擋路的雷普斯！#8	Notice/길을 막고있는 레푸스를 처치했습니다!#8	QUEST_LV_0100_20150317_003523	Notice/已消滅擋路的雷普斯！!#8	Notice/길을 막고있는 레푸스 처치 완료!#8	
QUEST_UNUSED_20150714_000255	燃燒中	태우는 중				
QUEST_UNUSED_20150714_000256	看不見的話就無法讀。	보이지 않으면 읽을 수 없어				
QUEST_UNUSED_20150714_000257	未爆彈處理(1)	불발탄 처리(1)				
QUEST_UNUSED_20150714_000258	詢問如何處理。	어떻게 처리하는지 대해 묻는다.				
QUEST_UNUSED_20150714_000259	請你自行處理。	알아서 처리하라고 한다.	QUEST_LV_0100_20150317_002557	直接走吧	그냥 간다	
QUEST_UNUSED_20150714_000260	未爆彈處理(2)	불발탄 처리(2)				
QUEST_UNUSED_20150714_000261	我會處理未爆彈。	불발탄 처리하겠다고 한다.				
QUEST_UNUSED_20150714_000262	直到最後一隻	마지막 한 마리까지				
QUEST_UNUSED_20150714_000263	我會努力看看。	노력해 보겠다고 한다.				
QUEST_UNUSED_20150714_000264	聽說那傢伙難搞所以我會拒絕。	아무래도 그런 녀석은 벅차다며 거절한다.				
QUEST_UNUSED_20150714_000265	未爆彈處理	불발탄 처리				
QUEST_UNUSED_20150714_000266	來回巡視前哨區域時發現了未爆彈。請向工兵大師詢問未爆彈的處理方法。	전초구역을 돌아다니가 불발탄을 발견했습니다. 불발탄을 처리할 방법에 대해서 새퍼 마스터에게 물어보세요.				
QUEST_UNUSED_20150714_000267	工兵大師要說明未爆彈的處理方法。請和工兵大師對話。	새퍼 마스터가 불발탄 처리 방법에 대해서 설명하려고 합니다. 새퍼 마스터와 대화하세요.				
QUEST_UNUSED_20150714_000268	解除未爆彈	불발탄 해제하기				
QUEST_UNUSED_20150714_000269	按照工兵大師所說明的利用解除子彈工具來進行未爆彈回收。	새퍼 마스터가 알려준대로 폭탄 제거 도구를 사용해서 불발탄을 회수하세요.				
QUEST_UNUSED_20150714_000270	請將回收的未爆彈轉交給工兵大師。	회수한 불발탄을 새퍼 마스터에게 전달하세요.				
QUEST_UNUSED_20150714_000271	傑普利好像還有事情放在心上。請和他對話。	제프리는 아직 신경쓸 것이 남은 것 같습니다. 그와 대화해 보세요.				
QUEST_UNUSED_20150714_000272	消滅樹林巨獸哥布林	자이언트 우드 고블린 처치				
QUEST_UNUSED_20150714_000273	傑普利請求消滅統帥樹林哥布林的樹林巨獸哥布林。	제프리는 우드 고블린들을 통솔하는 자이언트 우드 고블린을 처치해 줄 것을 부탁했습니다.				
QUEST_UNUSED_20150714_000274	成功消滅樹林巨獸哥布林。請轉告傑普利這件事。	자이언트 우드 고블린을 처치하는 데에 성공했습니다. 제프리에게 그 사실을 알려 주세요.				
QUEST_UNUSED_20150717_000275	奎波爾梅伊雷	큐폴 메일레				
QUEST_UNUSED_20150717_000276	雪德利佳伊拉	쉬트리가일라				
QUEST_UNUSED_20150717_000277	避開石化霜	석화 서리를 피해				
QUEST_UNUSED_20150717_000278	裝在箱子裡的東西是…？	상자에 든 것은..?				
QUEST_UNUSED_20150717_000279	怪物懷裡的部隊印章	몬스터가 품은 부대 인장				
QUEST_UNUSED_20150717_000280	我會收集看看。	모아보겠다고 한다.				
QUEST_UNUSED_20150717_000281	不太有興趣。	별로 관심 없다고 한다.				
QUEST_UNUSED_20150717_000282	觀察石化探測器	석화 탐지기 살펴 보기				
QUEST_UNUSED_20150717_000283	請觀察沿岸要塞入口的石化探測器。	연안 요새 입구의 석화 탐지기를 살펴 보세요.				
QUEST_UNUSED_20150717_000284	避開石化霜	석화 서리 피하기				
QUEST_UNUSED_20150717_000285	觀察探測器的同時突然後面似乎有甚麼正在靠近！大概是石化霜的樣子！請避開石化霜逃到安全的地方！	탐지기를 살펴 보려 하자 공교롭게도 갑자기 뒤쪽에서 뭔가가 다가옵니다! 아마도 석화서리 인 듯 합니다! 석화 서리를 피해 안전한 곳으로 달리세요!				
QUEST_UNUSED_20150717_000286	打開寶箱	보물상자 열어보기				
QUEST_UNUSED_20150717_000287	位於沿岸要塞一角的寶箱很可疑。請前往確認。	연안요새 한 구석에 있는 보물상자가 수상합니다. 다가가 열어 보세요.				
QUEST_UNUSED_20150717_000288	避開石化霜消滅怪物	석화서리를 피해 몬스터 처치하기				
QUEST_UNUSED_20150717_000289	一打開寶箱，就出現微弱的石化霜向怪物們撲上去！請避開石化霜並消滅怪物們。	상자를 열자 미약한 석화서리가 나오면서 주변에서 몬스터들까지 달려 듭니다! 석화서리를 피해서 몬스터들을 모두 처치하세요.				
QUEST_UNUSED_20150717_000290	請和葳荷米娜凱利奧特對話	빌헬미나 캐리어트와 대화하세요				
QUEST_UNUSED_20150717_000291	取得露克立斯的部隊印章、羊皮紙文件	루클리스의 부대 인장, 양피지 문서 구하기				
QUEST_UNUSED_20150717_000292	請在大地要塞尋找利於情報的物品。	대지의 요새에서 정보가 될 만한 물건들을 구하세요.				
QUEST_UNUSED_20150729_000293	差點就出是囉！您好我是奎波爾梅伊雷。{nl}我是來這裡指引未能安息的靈魂。{nl}不過不知道甚麼又會再出現像剛剛那種石化霜，請先不要輕舉妄動啊！	큰 일 날 뻔 했군요. 저는 큐폴 메일레 라고 합니다.{nl}이 곳에서 미쳐 안식에 들지 못한 석화된 영혼들을 인도하려고 왔어요.{nl}하지만 아까처럼 그런 석화서리가 언제 어디서 불어올 지 모르니 함부로 움직이기 어렵군요.				큐폴 메일레
QUEST_UNUSED_20150729_000294	{nl}發現石化探測器，但好像有點故障的樣子…{nl}可以幫我檢查一下探測器嗎？	{nl}석화탐지기가 있기는 한데, 어떤 건 고장 난 거 같기도 해요..{nl}탐지기를 좀 점검 해 주시겠어요?				큐폴 메일레
QUEST_UNUSED_20150729_000295	很久以前魔族和女神們就有股力量維持著他們之間的平衡。{nl}只要彼此不侵犯對方的領土，那股力量就會守護著他們。{nl}但是有一天，魔族先破壞了這樣的平衡下了石化詛咒而導致今天這樣的局面。	오래 전에는 마족과 여신들 사이에 미묘한 힘의 견제가 있어왔죠.{nl}서로의 영역을 침범하지 않는 한에서 그것이 지켜졌어요.{nl}그러나 어느 날 마족이 이런 지경의 석화 저주를 내렸지요.				큐폴 메일레
QUEST_UNUSED_20150729_000296	多處皆有裝置石化探測器。{nl}您剛剛看到的第一台探測器以順利啟動，再請你檢查剩下的探測器。	석화 탐지기는 여러 곳에 설치 되어 있어요. {nl}아까 보셨던 첫 번째 탐지기는 작동을 잘 하는 것 같으니, 나머지를 점검 해 주세요.				큐폴 메일레
QUEST_UNUSED_20150729_000297	希望探測器能順利啟動…	탐지기가 작동을 잘 해 주었으면..				큐폴 메일레
QUEST_UNUSED_20150729_000298	啊，原來是那樣啊！{nl}有兩台故障了。	아, 그렇군요.{nl}두 개가 고장이 나 있다구요.				큐폴 메일레
QUEST_UNUSED_20150729_000299	有關探測器啟動問題問還是問王國軍比較好。{nl}他們就是安裝探測器的人。{nl}去找王國軍將校蕾堤亞問問看的話應該幫得上忙吧？	탐지기 작동의 문제는 왕국군에게 물어 보는 게 좋을 것 같아요.{nl}그들이 탐지기를 설치 했으니까요.{nl}왕국군 장교인 레티아를 찾아가면 뭔가 도움이 되겠죠?				큐폴 메일레
QUEST_UNUSED_20150729_000300	魔族就是在這一帶下了石化詛咒的…女神們當然要拯救人類。{nl}不過他們已忘記當初約定不干涉彼此國事的規定，魔族們盛怒之下就在別的地區…	마족은 이 일대에 석화 저주를 내렸고.. 여신들은 인간들을 구원하려고 했죠.{nl}하지만 서로의 일에 관여하지 않겠다는 암묵적인 룰을 잊었느냐며 마족들은 분개했고 다른 지역에...				큐폴 메일레
QUEST_UNUSED_20150729_000301	{nl}啊連想都會害怕的災難降臨了…{nl}災難嚴重到女神們都不得不放棄救援這被石化的地區…	{nl}아, 생각하기도 싫은 재앙을 내렸어요..{nl}여신들이 석화된 이 곳의 구원을 포기해야 할 만큼 엄청난 재앙이었죠..				큐폴 메일레
QUEST_UNUSED_20150729_000302	蕾堤亞正在貝魯克堤廣場。{nl}甚麼？你說你已經知道了？	레티아는 베르크티 광장에 있어요.{nl}음? 이미 알고 계시려나?				큐폴 메일레
QUEST_UNUSED_20150729_000303	你說沿岸要塞地區的石化探測器故障了嗎？{nl}我早就知道了，所以我並不怪你	연안 요새 지역의 석화 탐지기가 고장났다구요?{nl}그건 이미 알고 있습니다. 그럴만도 합니다.				왕국군 레티아
QUEST_UNUSED_20150729_000304	還沒到嗎？我已經派支援兵力到那裏去了。{nl}他們去修理故障的探測器已經過很久了…發生甚麼事了呢…	그런데 아직 도착하지 않았나요? 제가 지원병력을 그 쪽에 파견했는데요.{nl}고장난 탐지기를 수리하러 보낸 지가 좀 됐는데.. 어찌 된 일일까요..				왕국군 레티아
QUEST_UNUSED_20150729_000305	{nl}可以幫我找找看他們嗎？	{nl}한 번, 그들을 찾아 봐 주시겠습니까?				왕국군 레티아
QUEST_UNUSED_20150729_000306	看來還是沒消息…可能遭遇到甚麼不測也說不定。{nl}如果你有發現他們的屍體的話，能不能幫我上下翻找看看嗎？{nl}應該會出現有用的物品。或是在周圍的怪物身上…	하지만 어쨌든 아직 소식이 없는 것을 보면.. 어떤 변을 당했을 수도 있겠습니다.{nl}혹시 그들의 시신들이라도 발견한다면.. 번거롭더라도 시신을 뒤져봐 주시겠습니까?{nl}쓸 만한 부품들이 나올 겁니다. 아니면 그 주변의 몬스터들이라도..				
QUEST_UNUSED_20150729_000307	我常看到沿岸要塞入口一帶的石化霜，在那裏可能被怪物攻擊過或是被石化霜擊中。	연안요새의 입구 쪽에 석화서리가 자주 보고되고 있으니, 그쪽에서 몬스터의 습격을 받았거나 석화서리에 당했는지도 모르지요.				왕국군 레티아
QUEST_UNUSED_20150729_000308	支援兵力都被擊中了啊…真可惜！ {nl}以後也得指引他們的靈魂了。	지원 병력이 모두 당했군요.. 안타깝네요.. {nl}나중에 그들의 영혼도 인도해 주어야겠어요.				
QUEST_UNUSED_20150729_000309	是的。總之請帶著那些零件去修理探測器吧。{nl}我們有事在身，無法離開崗位。請多多諒解。	네. 어쨌든 그 부품들을 들고 가서 고장난 탐지기들을 수리 해 주세요.{nl}저희가 할 일입니다만, 자리를 비울 수 없는 것을 이해해 주십시오.				왕국군 레티아
QUEST_UNUSED_20150729_000310	那些東西是零件。{nl}現在該去修理探測器了。{nl}請小心石化霜。	그것이 그 부품들이군요.{nl}이제 수리하러 가셔야겠네요.{nl}석화 서리를 조심하세요.				
QUEST_UNUSED_20150729_000311	石化探測器都能正常啟動且運作的話，我想安安份份地指引那些靈魂。	석화 탐지기가 전부 정상으로 돌아오면 차분하게 영혼들을 안식으로 인도할 생각이예요.				큐폴 메일레
QUEST_UNUSED_20150729_000312	那麼就拜託你了。	그럼, 꼭 부탁 드리겠습니다.				큐폴 메일레
QUEST_UNUSED_20150729_000313	喔全數都能正常啟動了！{nl}非常感謝。{nl}現在我可以安心指引靈魂了。	오, 모두 정상 작동 하게 되었군요.{nl}정말 감사합니다.{nl}이제 안심하고 영혼들을 인도해야겠어요.				큐폴 메일레
QUEST_UNUSED_20150729_000314	有點擔心靈魂的數量過多…{nl}但我還是希望可以安分地引導他們。{nl}願啟示者的路上充滿了女神的祝福。	영혼들이 너무 많아 걱정이지만..{nl}차분히 한 분 씩 인도할 예정입니다.{nl}계시자님의 앞길에 여신의 은총이 가득하시길.				큐폴 메일레
QUEST_UNUSED_20150729_000315	是誰啊？滾一邊去！{nl}啊…但如果你能幫助我的話…	누구인가. 저리 가라.{nl}아.. 혹시 나를 도와줄 수 있다면..				쉬트리가일라
QUEST_UNUSED_20150729_000316	祭司尤塔	사제 유타				
QUEST_UNUSED_20150729_000317	哇，沒想到在墓地竟然能遇到活人。{nl}我是服侍澤米娜女神的邪靈祭司。我是追隨著消失的澤米娜女神的蹤跡來到了這裡。{nl}	우와. 이런 묘지에서 사람을 만날 줄은 몰랐어요.{nl}저는 제미나 여신님을 모시는 보코르에요. 사라진 제미나 여신님의 자취를 쫓아 이 곳까지 왔죠.{nl}				사제 유타
QUEST_UNUSED_20150729_000318	隱身的澤米娜女神祝福了真理之樹教團，所以我跟著來到這裡。{nl}一來到這只看到屍體遍野。{nl}憑我的力量也無法駕馭這些屍體。屍體可能會妨礙到儀式進行得清除乾淨才行…	모습을 감춘 제미나 여신께서 진리의 나무 교단을 축복했다고 하시기에 여기까지 달려왔는데{nl}막상 와보니까 시체들만 돌아다니고 있네요.{nl}심지어 이 시체들 제 힘으로 제어도 안되요. 의식에 방해가 되니 처치를 해야할 것 같은데..				사제 유타
QUEST_UNUSED_20150729_000319	啊真的嗎？就算只是說說我也很感謝啊！{nl}其實一個人準備儀式也是很麻煩的。{nl}	아, 정말요? 말 만으로도 감사하네요.{nl}사실 혼자서는 의식 준비도 좀 벅찼거든요.{nl}				사제 유타
QUEST_UNUSED_20150729_000320	那麼請幫我清除附近的屍體。{nl}我則負責準備儀式然後向女神禱告。	그럼 근처의 시체들을 처치해주세요.{nl}저는 그 동안 의식을 준비하고 여신님께 기도를 올릴게요.				사제 유타
QUEST_UNUSED_20150729_000321	我想說來到這裡應該會看到甚麼東西，聽說是邪靈祭司力量都駕馭不了的屍體…{nl}我第一次看到這種東西。得趕快去見女神才行…	여기 오면 뭐라도 있을 까 했는데 보코르의 힘이 통하지 않는 시체라니..{nl}이런 건 처음 봐요. 어서 여신님을 찾아야 할텐데요..				사제 유타
QUEST_UNUSED_20150729_000322	啊您回來了啊！託您的福，我才能順利向女神禱告。{nl}嗯…您還是跟平常一樣話不多啊…	아, 돌아오셨군요. 덕분에 무사히 여신님께 기도를 올릴 수 있었어요.{nl}뭐.. 여느때 처럼 대답은 없으셨지만요..				사제 유타
QUEST_UNUSED_20150729_000323	我會檢查看看。	점검해 보겠다고 한다	QUEST_LV_0200_20150323_004339	要調查看看	조사해 보겠다고 한다	
QUEST_UNUSED_20150729_000324	信號	신호				
QUEST_UNUSED_20150729_000325	斬斷尾巴(1)	꼬리자르기(1)				
QUEST_UNUSED_20150729_000326	斬斷尾巴(2)	꼬리자르기(2)				
QUEST_UNUSED_20150729_000327	斬斷尾巴(3)	꼬리자르기(3)				
QUEST_UNUSED_20150729_000328	到達死胡同(1)	막다른 곳에 다다라(1)				
QUEST_UNUSED_20150729_000329	到達死胡同(2)	막다른 곳에 다다라(2)				
QUEST_UNUSED_20150729_000330	到達死胡同(3)	막다른 곳에 다다라(3)				
QUEST_UNUSED_20150729_000331	記錄文物避難所	기록물 대피소				
QUEST_UNUSED_20150729_000332	高尚的魔君主	고상한 마군주				
QUEST_UNUSED_20150729_000333	尋找自我的旅程(1)	나를 찾는 여정(1)				
QUEST_UNUSED_20150729_000334	尋找自我的旅程(2)	나를 찾는 여정(2)				
QUEST_UNUSED_20150729_000335	尋找自我的旅程(3)	나를 찾는 여정(3)				
QUEST_UNUSED_20150729_000336	尋找自我的旅程(4)	나를 찾는 여정(4)				
QUEST_UNUSED_20150729_000337	尋找自我的旅程(5)	나를 찾는 여정(5)				
QUEST_UNUSED_20150729_000338	尋找自我的旅程(6)	나를 찾는 여정(6)				
QUEST_UNUSED_20150729_000339	無止盡的交易(1)	끝없는 거래(1)				
QUEST_UNUSED_20150729_000340	無止盡的交易(2)	끝없는 거래(2)				
QUEST_UNUSED_20150729_000341	無止盡的交易(3)	끝없는 거래(3)				
QUEST_UNUSED_20150729_000342	無止盡的交易(4)	끝없는 거래(4)				
QUEST_UNUSED_20150729_000343	勒肯家的悲劇(1)	르귄가의 비극(1)				
QUEST_UNUSED_20150729_000344	勒肯家的悲劇(2)	르귄가의 비극(2)				
QUEST_UNUSED_20150729_000345	勒肯家的悲劇(3)	르귄가의 비극(3)				
QUEST_UNUSED_20150729_000346	執行	진행				
QUEST_UNUSED_20150730_000347	修理中/HAMMERING/5/TRACK_AFTER/None	수리 중/HAMMERING/5/TRACK_AFTER/None	QUEST_LV_0300_20150717_000020	維修中/MAKING/3/TRACK_AFTER/None	수리 중/MAKING/3/TRACK_AFTER/None	
QUEST_UNUSED_20150730_000348	Notice/探測器開始啟動了！#5	Notice/탐지기가 작동하기 시작합니다!#5				
QUEST_UNUSED_20150730_000349	修理中/HAMMERING/3/TRACK_BEFORE/None	수리 중/HAMMERING/3/TRACK_BEFORE/None				
QUEST_UNUSED_20150803_000350	和團員伊魯曼塔斯對話	단원 이르만타스와 대화				
QUEST_UNUSED_20150803_000351	拜訪團員克拉其那	단원 그라지나와 찾기				
QUEST_UNUSED_20150803_000352	好像聽到附近有人在叫我。	주변에서 누군가 부르는 소리가 들립니다.				
QUEST_UNUSED_20150803_000353	和團員克拉其那對話	단원 그라지나와 대화				
QUEST_UNUSED_20150803_000354	將物品轉交給伊魯曼塔斯	이르만타스에게 물품 전달				
QUEST_UNUSED_20150803_000355	拜訪團員阿爾利那	단원 알리나 찾아가기				
QUEST_UNUSED_20150803_000356	和團員阿爾利那對話	단원 알리나와 대화				
QUEST_UNUSED_20150803_000357	和團員阿爾利那對話	단원 알린와 대화	ETC_20150317_001874	開始	시작	
QUEST_UNUSED_20150804_000358	為了成功前往王陵，必須通過所有자카리엘大王的試練。為了獲取下一個試煉信物，請與史學者雷克西波對話看看。	왕릉에 접근하기 위해서는 자카리엘 대왕의 모든 시련을 통과해야합니다. 다음 시련에 대한 증표를 얻기 위해 사학자 렉시퍼와 대화해 봅시다.	QUEST_LV_0100_20150317_005238	為了接近王陵，必須解開札里耶爾大王的所有難題。為了獲得有關下一個難題的線索請與史學家雷克西波聊聊吧。	왕릉에 접근하기 위해서는 자카리엘 대왕의 모든 난제를 풀어야 합니다. 다음 난제에 대한 단서를 얻기 위해 사학자 렉시퍼와 대화해 봅시다.	
QUEST_UNUSED_20150908_000359	燃燒中	소각 중	QUEST_LV_0100_20150317_002476	燃燒中/FIRE/2/TRACK_BEFORE/None	소각 중/FIRE/2/TRACK_BEFORE/None	
QUEST_UNUSED_20150908_000360	連保管所都找不到牠的蹤跡。	보관소의 흔적조차 남아 있지 않습니다				
QUEST_UNUSED_20150908_000361	消滅擋路的怪物！	길을 막고있는 몬스터 처치!				
QUEST_UNUSED_20150908_000362	成功消滅擋路的怪物！	길을 막고있는 몬스터 처치 완료!				
QUEST_UNUSED_20150908_000363	已經將靈魂的骨灰盆轉交給虛弱的貓頭鷹雕像。	영혼의 유골함을 약한 부엉이 조각상에게 전달했습니다				
QUEST_UNUSED_20150908_000364	請消滅狼人！	웨어울프를 처치하세요!				
QUEST_UNUSED_20150908_000365	請消滅突然出現的蘑菇卡利亞！	갑자기 나타난 머슈카리아를 처치하세요!				
QUEST_UNUSED_20150908_000366	為大體祈禱	시신의 명복을 비는 중	QUEST_LV_0100_20150317_003491	替屍體祈禱/WORSHIP/2/TRACK_BEFORE/SSN_HATE_AROUND	시신의 명복을 비는 중/WORSHIP/2/TRACK_BEFORE/SSN_HATE_AROUND	
QUEST_UNUSED_20150908_000367	為死者祈禱	명복을 비는 중	QUEST_LV_0100_20150317_003492	祈禱中/WORSHIP/4/TRACK_AFTER/SSN_HATE_AROUND/F_pc_warp_circle/1/BOT	명복을 비는 중/WORSHIP/4/TRACK_AFTER/SSN_HATE_AROUND/F_pc_warp_circle/1/BOT	
QUEST_UNUSED_20150908_000368	為死去的士兵祈福	죽은 병사의 명복을 빌어 주었습니다!				
QUEST_UNUSED_20150908_000369	挖掘中	헤쳐보는 중				
QUEST_UNUSED_20150908_000370	挖掘中	파 헤치는 중	QUEST_LV_0200_20150317_001625	挖掘中/SITGROPE_LOOP/4/TRACK_BEFORE/None	파 헤치는 중/SITGROPE_LOOP/4/TRACK_BEFORE/None	
QUEST_UNUSED_20150908_000371	請破壞補給品箱子並追蹤逃亡的布貝族！	보급품 상자를 파괴하고 도망간 부베를 추적하세요!				
QUEST_UNUSED_20150908_000372	請追蹤逃亡的布貝族！	도망간 부베족을 추적하세요!				
QUEST_UNUSED_20150908_000373	請移動至下一個地區。	다음 지역으로 이동하세요				
QUEST_UNUSED_20150908_000374	怪物出現在碎裂的貓頭鷹雕像附近！	부서진 부엉이 조각상 주변에 몬스터가 나타났습니다!				
QUEST_UNUSED_20150908_000375	火一點怪物就突然湧入！{nl}先趕走怪物然後再重新點火看看吧！	불을 붙이려 하자 갑자기 몬스터들이 몰려들었습니다!{nl}일단 이들을 물리치고 다시 불을 붙여 봅시다!				
QUEST_UNUSED_20150908_000376	已燒掉貓頭鷹雕像！	부엉이 조각상을 잘 태워 주었습니다!				
QUEST_UNUSED_20150908_000377	點火燃燒中	불 불이는 중	QUEST_LV_0200_20150323_004293	點火中/FIRE/3/TRACK_BEFORE/SSN_HATE_AROUND	불 불이는 중/FIRE/3/TRACK_BEFORE/SSN_HATE_AROUND	
QUEST_UNUSED_20150908_000378	守著雕像堆的火並消滅怪物！	조각상 더미의 불을 지키면서 몬스터를 모두 처치하세요!				
QUEST_UNUSED_20150908_000379	請消滅擋路的雷普斯！	길을 막고있는 레푸스를 처치하세요!				
QUEST_UNUSED_20150908_000380	已消滅擋路的雷普斯！	길을 막고있는 레푸스를 처치했습니다!				
QUEST_UNUSED_20150908_000381	為了阻止夏爾蘭而趕來了！	샤울렘들이 저지하기 위해 달려듭니다!				
QUEST_UNUSED_20150918_000382	你是弓箭手大師派來的嗎？{nl}柯拉佩達情況已漸趨穩定，但佩迪米安好像還很為危險。	아처 마스터가 보내서 왔나.{nl}클라페다는 점점 안정을 찾아가고 있지만 페디미안은 아직 이 모양이다.	QUEST_JOBSTEP_20150317_000205	你是弓箭手大師派來的嗎？{nl}柯拉佩達情況已漸趨穩定，但佩迪米安好像還很為危險。	아처 마스터가 보내서 왔나.{nl}클라페다는 점점 안정을 찾아가고 있지만 페디미안은 아직 이 모양일세.	로델레로 마스터
QUEST_UNUSED_20150918_000383	魔法師之塔中隊長等級的怪物就交給你了。{nl}重建佩迪米安的人力也不太足夠，魔法師之塔正湧出一堆怪物。	자네에겐 마법사의 탑에서 대장급 몬스터를 맡기지.{nl}페디미안을 재건하는 것도 일손이 부족한데 탑에서 몬스터까지 쏟아져 나오고 있거든.	QUEST_JOBSTEP_20150317_000207	魔法師之塔中隊長等級的怪物就交給你了。{nl}重建佩迪米安的人力也不太足夠，魔法師之塔正湧出一堆怪物。	자네는 마법사의 탑에서 대장급 몬스터를 쓰러뜨려 주게.{nl}페디미안을 재건하는 것도 일손이 부족한데 탑에서 몬스터까지 쏟아져 나오고 있거든.	로델레로 마스터
QUEST_UNUSED_20150918_000384	根據成功潛入的的偵查兵回報，魔法師之塔3樓的米諾牛頭怪。{nl}消滅該怪物的話，應該就能達到警告的功效了。	잠입에 성공한 정찰병의 보고로는 마법사의 탑 3층의 미노타우로스라고 했어.{nl}그 몬스터를 처치하면 충분한 경고가 되겠지.	QUEST_JOBSTEP_20150317_000208	根據成功潛入的的偵查兵回報，魔法師之塔3樓的米諾牛頭怪。{nl}消滅該怪物的話，應該就能達到警告的功效了。	잠입에 성공한 정찰병의 보고로는 마법사의 탑 3층의 미노타우로스라고 했네.{nl}그 몬스터를 처치하면 충분한 경고가 되겠지.	로델레로 마스터
QUEST_UNUSED_20150918_000385	辛苦了。託您的福，怪物的氣勢收斂很多了啊！{nl}也請你代我向弓箭手大師說聲謝謝。	수고했어. 덕분에 몬스터의 기세가 좀 수그러들었다는군. {nl}아처 마스터에게도 고맙다고 전해 줘.	QUEST_JOBSTEP_20150317_000209	辛苦了。託您的福，怪物的氣勢收斂很多了啊！{nl}也請你代我向弓箭手大師說聲謝謝。	수고했네. 덕분에 몬스터의 기세가 좀 수그러들었어. {nl}아처 마스터에게도 고맙다고 전해 주게.	로델레로 마스터
QUEST_UNUSED_20150918_000386	謝謝你。{nl}身為牧師大師，我會欣然幫您完成更高的使命。	감사합니다. {nl}클레릭 마스터로서 당신이 더 높은 사명을 이루는 것을 기꺼이 도와드리겠습니다.	QUEST_JOBSTEP_20150317_000646	謝謝你。{nl}身為牧師大師，我很樂意協助你成就更崇高的使命。	감사합니다. {nl}클레릭 마스터로써 당신이 더 높은 사명을 이루는 것을 기꺼이 도와드리겠습니다.	클레릭 마스터
QUEST_UNUSED_20150918_000387	怪物的巢穴就在這個十字路口的右方。{nl}說不定吃飽撐著的同伴們還待在那裏。	이 사거리의 오른쪽에 몬스터들의 둥지가 있어요. {nl}배가 불러 먹어치우지 못한 동료들이 아직 남아 있을지도 몰라요.	QUEST_LV_0200_20150317_000850	怪物們的巢穴就在這交叉路的盡頭。{nl}說不定怪物吃飽了以後，還有存活的同伴們在那裡。{nl}{nl}	이 사거리의 끝에 몬스터들의 둥지가 있어요. {nl}배가 불러 먹어치우지 못한 동료들이 아직 남아 있을지도 몰라요.{nl}{nl}	약해진 부엉이 조각상
QUEST_UNUSED_20150918_000388	當然在那之前，身為侍從大師，得先好好報答您才行。	물론 그 전에, 스콰이어 마스터로서 당신께 보답하는 것이 먼저이겠지요.	QUEST_JOBSTEP_20150730_003068	當然在那之前，身為侍從大師，得先好好報答您才行。	물론 그 전에, 스콰이어 마스터로써 당신께 보답하는 것이 먼저이겠지요.	스콰이어 마스터
QUEST_UNUSED_20150918_000389	收集商的圖鑑	수집상의 컬렉션				
QUEST_UNUSED_20150918_000390	請消滅擋路的怪物！	길을 막고있는 몬스터를 처치하세요!				
QUEST_UNUSED_20150918_000391	已消滅擋路的怪物！	길을 막고있는 몬스터를 모두 처치했습니다!				
QUEST_UNUSED_20150918_000392	與收集商家對話	수집상과 대화				
QUEST_UNUSED_20150918_000393	獲得收藏品	수집품 획득				
QUEST_UNUSED_20151001_000394	請問是夢見女神的啟示者嗎？{nl}我是夏奧雷伊和柯拉佩達的騎士團長烏斯卡。{nl}	여신의 꿈을 꾼 계시자이십니까.{nl}저는 샤울레이와 클라페다를 담당하고 있는 기사단장, 우스카입니다.{nl}				기사단장 우스카
QUEST_UNUSED_20151001_000395	現在王國已失去所有希望。{nl}連重新振作的意志都很低落…只是空喊著女神的名字。{nl}	지금의 왕국은 모든 희망을 잃었습니다. {nl}다시 일어설 의지조차 꺾인 채로.. 여신의 이름만 부르짖고 있습니다.{nl}				기사단장 우스카
QUEST_UNUSED_20151001_000396	坦白說我在各位啟示者身上看不到任何希望…{nl}背負著一整個城市的包袱… {nl}	솔직히 저는 계시자 여러분들을 희망적으로만 바라볼 수는 없습니다.{nl}한 도시를 짊어지고 있는 책임자이기에.. {nl}				기사단장 우스카
QUEST_UNUSED_20151001_000397	不是無法再經歷絕望嗎？	다시 절망을 겪을 순 없는 것 아니겠습니까.				기사단장 우스카
QUEST_UNUSED_20151001_000398	嗯…不管怎樣，主教也夢見了啟示的夢。{nl}主教說如果啟示者到來的話，就送他前往水晶礦山。{nl}	자.. 어쨌든, 주교님께서도 계시의 꿈을 꾸셨습니다.{nl}계시자가 오거든 수정광산으로 보내라고 하셨다는군요.{nl}	QUEST_LV_0100_20150317_000304	主教也做了啟示的夢。{nl}他說如果啟示者前來就送他們到水晶礦山。{nl}	주교님께서도 계시의 꿈을 꾸셨습니다.{nl}계시자가 오거든 수정광산으로 보내라고 하셨다는군요.{nl}	기사단장 우스카
QUEST_UNUSED_20151001_000399	不過現在礦山村正處於布貝族交戰中，是禁止出入的。{nl}請去見見東部森林的騎士阿拉斯是負責人吧。	하지만 현재 광산 마을은 부베와 교전중인지라 출입을 제한하고 있습니다.{nl}동쪽 숲에 있는 기사 아라스가 담당이니 그를 만나보십시오.	QUEST_LV_0100_20150317_000307	但是目前礦山村莊正在與布貝交戰，除了經允許人士以外皆不可進出。{nl}東邊森林的騎士阿拉斯是負責人，請去見他。	하지만 현재 광산 마을은 부베와 교전중인지라 허가된 인원 외의 출입을 제한하고 있습니다.{nl}동쪽 숲에 있는 기사 아라스가 담당이니 그를 만나보십시오.	기사단장 우스카
QUEST_UNUSED_20151001_000400	這森林的怪物之所以會急遽成長原來是布貝鬥士搞的鬼啊！{nl}去看看貝鬥士的數量到底有多少。{nl}	이 숲의 몬스터가 불어난 게 부베 투사의 짓이였군요.{nl}부베 투사가 얼마나 있는지 알아봐 주세요.{nl}	QUEST_LV_0100_20150317_000341	原來讓怪物暴增的兇手就是布貝鬥士，{nl}請去調查一下布貝鬥士的數量。{nl}	몬스터가 불어난 게 부베 투사의 짓이였군요.{nl}부베 투사가 얼마나 있는지 알아봐 주세요.{nl}	기사 아라스
QUEST_UNUSED_20151001_000401	唉呀。你就是那位有名的啟示者對吧？{nl}看來你也對大地要塞很有興趣嘛！{nl}	어라. 너는 그 유명한 계시자 맞지?{nl}너도 대지의 요새에 관심이 있나보네.{nl}	QUEST_LV_0200_20150317_000372	已聽葳荷米娜說過你有多活躍了，聽說實力非凡？但是，沒有我們的幫忙，你能夠進入大地要塞嗎？{nl}實力再怎麼好還是需要嚮導的，如果你願意幫助我跟葳荷米娜的計畫，我就帶你一起進去。	빌헬미나에게 네 활약은 많이 들었어, 꽤 실력이 좋다며? 하지만 대지의 요새로 우리도움 없이 들어갈 수 있을까?{nl}아무리 실력이 좋아도 길잡이들이 필요할거야, 빌헬미나와 내 계획을 도와준다면 함께 데려가 줄게	도굴꾼 아만다
QUEST_UNUSED_20151001_000402	不過他們會不知道我嗎…王國軍人數眾多無法進入。{nl}來吧，你是站在哪一邊的呢？{nl}想進入大地要塞的話，最好給我老實回答。	하지만 거긴 나라면 모를까, 왕국군이 많아서 그냥은 못들어가.{nl}자. 넌 누구 편이지?{nl}대지의 요새에 들어가고 싶거든 솔직하게 대답하는 게 좋을 거야.	QUEST_LV_0200_20150317_000373	葳荷米娜說幫助我們的代價就是請你去取得露克立斯時代的紀錄，能否麻煩你去前方的集結地收集呢？{nl}如果讓我們去收集的話可能會引起太大騷動，所以就請你幫幫忙吧。	빌헬미나가 우리일을 도와주는 대가로 루클리스 시대의 기록들을 찾아와 달라고 했는 데, 이 앞 집결지에서 그걸 좀 모아와 줄 수 있겠어?{nl}우리가 나선다면 큰 소란이 일어날거야, 네가 좀 해줘	도굴꾼 아만다
QUEST_UNUSED_20151001_000403	小心不要被王國軍發現啊。{nl}就算被發現就假裝沒是笑一笑就好。	왕국군 눈에 띄지 않게 조심해줘.{nl}들키더라도 적당히 웃으면서 넘어가라고.	QUEST_LV_0200_20150317_000374	我們王國軍打算偷偷潛入大地要塞裡裝滿寶物的房間。{nl}但是，每當我想要進去的時候滴水嘴怪就出來攪局，以我們的力量根本無法安靜地制伏牠，{nl}所以需要你和葳荷米娜的幫助	우린 왕국군 몰래 대지의 요새 안에 있는 보물이 가득한 방에 들어갈 생각이야.{nl}하지만 내가 들어가려고하면 가고일이 막아서는 데 우리힘으론 소란피우지 않고 녀석을 제압할 방법이 없어{nl}그래서 너와 빌헬미나의 도움이 필요해	도굴꾼 아만다
QUEST_UNUSED_20151001_000404	在集合地看到滴水嘴怪石像了吧？{nl}那個就是滴水嘴怪。{nl}	집결지에서 가고일 석상을 봤지?{nl}그게 그 가고일이야.{nl}	QUEST_LV_0200_20150317_000375	有看到在集合地的滴水嘴怪石像吧？那傢伙只要我一靠近，馬上就會復活出動，讓我無法進入大地要塞。{nl}葳荷米娜有能夠制伏那傢伙的道具，現在你去把找到的東西交給她，再把那個道具帶回來就可以了	집결지에서 가고일 석상을 봤지? 그녀석은 내가 다가 가기만 해도 살아서 움직이는 턱에 대지의 요새로 들어갈 수가 없어.{nl}빌헬미나에게 녀석을 제압할 도구가 있다고 하니 이제 네가 찾아준걸 넘겨주고 넌 그걸 받아오기만 하면돼	도굴꾼 아만다
QUEST_UNUSED_20151001_000405	很奇怪我最近想進去的話我的肌肉就會自己動起來阻止我。{nl}不引起任何騷動光靠我們的力量是無法制伏他的。	이상하게 내가 요새로 들어가려고 하면 갑자기 살아 움직이면서 막아서더라고.{nl}소란 피우지 않고서 우리 힘으로 제압하는 건 무리야.				도굴꾼 아만다
QUEST_UNUSED_20151001_000406	夏奧雷伊東部森林的波亞塔正對居民造成威脅。{nl}如果你以女神之名消滅那怪物的話我就傳授魔法給你。	샤울레이 동쪽 숲에 있는 포아타가 주민들을 위협하고 있대.{nl}여신의 이름으로 그 몬스터를 없애 준다면 내 마법을 전수해 주겠어.	QUEST_JOBSTEP_20150714_002755	夏奧雷伊東邊森林的波亞塔正對居民造成威脅。{nl}如果你以女神之名消滅那怪物，我就把我的魔法傳授給你。{nl}{nl}	샤울레이 동쪽 숲에 있는 포아타가 주민들을 위협하고 있대.{nl}여신의 이름으로 그 몬스터를 없애 준다면 나의 마법을 전수해 주겠어.{nl}{nl}	파이로맨서 마스터
QUEST_UNUSED_20151001_000407	我第一次見到你的時候覺得你看起來…就像個半調子。{nl}現在你卻變得比我還有名。{nl}	널 처음 보았을 땐 너무 어설프지 않나.. 싶었는데.{nl}지금은 나보다도 더 유명해진 것 같아.{nl}	QUEST_UNUSED_20150317_000019	第一次見到你的時候心想真是個半調子該不會馬上就被擊倒吧…{nl}現在竟然比我還有名。{nl}	널 처음 보았을 땐 너무 어설퍼서 금방 죽지 않을까.. 싶었는데.{nl}지금은 나보다도 더 유명해진 것 같아.{nl}	아처 마스터
QUEST_UNUSED_20151001_000408	辛苦了。{nl}以後累積更多實戰經驗來我門下學習劍法的話，你一定會成為更優秀的劍士的。	수고했다.{nl}앞으로도 실전 경험을 쌓고 내 밑에서 검을 배운다면 좋은 검사가 될 수 있을 것이다.	QUEST_JOBSTEP_20150317_000657	辛苦了。{nl}如果你日後持續累積實戰經驗並向我學習劍術，相信你能成為厲害的劍士。	수고했다.{nl}앞으로도 실전 경험을 쌓고 나의 밑에서 검을 배운다면 좋은 검사가 될 수 있을 것이다.	하이랜더 마스터
QUEST_UNUSED_20151001_000409	你來是來向我獲取流氓的教導的嗎？{nl}來得正好。{nl}身為你的流氓，可以向你證明我的實力又能解決我的問題，簡直一石二鳥。{nl}	나에게 로그의 가르침을 받으러 온거야?{nl}마침 잘 됐어.{nl}너의 로그로서의 실력을 검증하면서 내 문제도 해결할 수 있는 일석이조의 일이 있거든.{nl}				로그 마스터
QUEST_UNUSED_20151001_000410	斥候大師和我曾經是相依為命的好友，現在關係卻變得有點尷尬。{nl}想送他禮物來試著彌補我們的關係…我就這樣直接去的話是不是太明目張膽了。{nl}你能不能偷偷代替我去送給他禮物呢？	스카우트 마스터와 나는 한때는 둘도 없는 친구였지만 지금은 조금 어색해져서 말이야.{nl}뭔가 선물이라도 주면서 관계를 회복해보고 싶은데.. 내가 직접가는 건 역시 너무 눈에 띄거든.{nl}니가 대신해서 몰래 선물 좀 전해주고 오지 않겠어?				로그 마스터
QUEST_UNUSED_20151001_000411	好啊。但是這也順便是你的測試。{nl}記住不要讓斥候大師發現就偷偷把禮物放著就走。{nl}給你一點建議，這種時候就是要學點跟蹤的基本功。	좋아. 하지만 이건 너의 시험도 겸하는 거니까.{nl}선물을 전해주되 스카우트 마스터가 눈치채지 못하게 몰래 넣어두고 와야해.{nl}조언을 해주자면 이런 일은 상대의 뒤를 잡는게 기본이야.				로그 마스터
QUEST_UNUSED_20151001_000412	看起來任務已成功啊！{nl}等他看到會嚇一跳吧？{nl}	잘 전해주고 왔나보네.{nl}나중에 확인하면 깜짝 놀라겠지?{nl}				로그 마스터
QUEST_UNUSED_20151001_000413	換我跟你做個了結了。{nl}跟蹤斥候大師並且偷放物品這樣的功夫也不普通呢，你一定能馬上學會的。	이제 너와의 일을 마무리지을 차례군.{nl}스카우트 마스터 몰래 물건을 넣어두고 올 정도면 너도 보통은 아니니까 금방 배울 수 있을거야.				로그 마스터
QUEST_UNUSED_20151001_000414	你是來學造箭者的技術的啊！{nl}以你的水準要能收到教導的話，你得之道這可不是件簡單的事。{nl}	플레쳐의 기술을 배우러 왔군.{nl}자네 수준에서 가르침을 받을만한 일이라면 그 대가도 쉽지 않다는 걸 각오해두게.{nl}				플레쳐 마스터
QUEST_UNUSED_20151001_000415	我很久以前就在尋找第一代造箭者大師製造的弓箭。{nl}能送給利迪亞夏班的弓箭，其中的技術是不簡單的。{nl}我手邊有最近剩下的弓箭材料情報，想學造箭之前就得先成為懂得賞識弓箭真正價值的人。	나는 예전부터 초대 플레쳐 마스터가 만든 화살을 찾아왔소.{nl}리디아 샤펜에게 선물해줄 정도의 화살이니 거기에 담긴 기술은 보통이 아니겠지.{nl}최근에 남아있는 화살의 소재에 대한 정보를 얻게 되었는데 이 일을 시키려면 그 화살의 가치를 알아볼 수 있는 사람이어야겠지.				플레쳐 마스터
QUEST_UNUSED_20151001_000416	根據我的情報，應該可以在峽谷地帶36_1找到。{nl}據說是以前遇到殘暴怪物所使用過的物品，還是小心為妙。	내가 얻은 정보에 의하면 협곡지대 36_1에서 찾을 수 있을 것 같소.{nl}무언가 흉폭한 몬스터를 상대하는데 사용했었다고 하니 주의하는게 좋겠지.				플레쳐 마스터
QUEST_UNUSED_20151001_000417	光看外型就能感受到那壯麗啊！{nl}雖然我很想針對這個弓箭進行研究，但我跟你的約定還是得先履行。{nl}來，我會展現我的技能給你看，請張大眼睛好好看。	오 겉으로만 봐도 굉장함을 알 수 있겠군.{nl}당장이라도 이 화살을 연구해보고 싶지만 자네와의 약속이 먼저겠지.{nl}자, 내가 가진 기술을 보여줄테니 눈 크게 뜨고 잘 보도록 하게.				플레쳐 마스터
QUEST_UNUSED_20151001_000418	身為馴鷹者大師，正尋找讓馴鷹者們變得更強的方法。{nl}其中有一個方法就是用其他飛行怪物來替代老鷹。{nl}	응사 마스터로서 다양한 시도를 통해 응사들이 더욱 강해지는 방법을 찾고 있다.{nl}그 중 하나로 매를 대신해서 날아다니는 몬스터들을 써먹을 순 없을까 하는 생각을 했지.{nl}				응사 마스터
QUEST_UNUSED_20151001_000419	當然我的夥伴里斯很贊成，不過我認為這樣的嘗試對老鷹也是有幫助的。	물론 내 파트너 리쓰에게 만족하고 있지만 이런 시도는 응사들에게 도움이 될 수 있다고 생각한다.				응사 마스터
QUEST_UNUSED_20151001_000420	馴服老鷹的時候，給他一點吃的就好了吧？{nl}因為沒有抱著很大期待，就先試試看吧！{nl}我放很多飼料在牠的前面，至少先試三種怪物吧。	매를 길들일 때 처럼 먹이라도 줘보면 되지 않을까?{nl}큰 기대는 하고 있지 않으니 일단 가서 시도라도 해보는게 좋겠군.{nl}먹이는 넉넉히 넣어두었으니 적어도 세 종류의 몬스터에게는 시도해보도록.				응사 마스터
QUEST_UNUSED_20151001_000421	果然還是失敗了。雖然有點可惜不過還是預料內的事。{nl}無論結果如何都得好好報答他的努力。{nl}好啊，我會直接指導你的。	역시 실패했나. 아쉽지만 예상했던 바다.{nl}결과야 어찌되었든 그대의 노력에는 보답해야겠지.{nl}좋다, 내가 직접 지도해주도록 하지.				응사 마스터
QUEST_UNUSED_20151001_000422	你說你想學習更高級的技術嗎？{nl}想學習黑暗騎兵的高階技術的話，你本身得先打好相對堅強的基礎才行。{nl}第一還有第二點，就是得確實將弓箭瞄準敵人。	더 고급기술을 배우고 싶다고?{nl}슈바르츠라이터의 고급 기술을 배우려면 그럴만한 실력이 뒷바침 되어야겠지.{nl}첫째도 둘째도 중요한건 확실하게 적을 쏘아 맞추는 일이다.				슈바르츠라이터 마스터
QUEST_UNUSED_20151001_000423	我欣賞你的自信。{nl}但是人不能只靠一張嘴，我會好好看著你的。{nl}如果你能對一般怪物連續命中200次且沒有一次失誤的話，我就認可你。	자신감은 마음에 드는군.{nl}하지만 입만 산건 아닌 지 확인해보겠다.{nl}일반 몬스터에게 가서 실수없이 연속으로 200번 명중시키고 온다면 인정하도록 하지.				슈바르츠라이터 마스터
QUEST_UNUSED_20151001_000424	果真不是虛張聲勢啊！{nl}這樣的實力對教導技術的我也是有好處的。	과연 허세는 아니었군.{nl}그 정도 실력이라면 나도 가르치는 보람이 있지.				슈바르츠라이터 마스터
QUEST_UNUSED_20151001_000425	你是來學習武僧的技術嗎？{nl}來得正好！如果對象是你的話，我有信心能交付給你。{nl}沒錯我有事情想拜託你。{nl}	몽크의 기술을 배우러 왔소?{nl}그럼 마침 잘 됐군. 당신이라면 믿고 맡길 수 있지.{nl}부탁하고 싶은 일이 있소.{nl}				몽크 마스터
QUEST_UNUSED_20151001_000426	對於過去犯下的錯我到現在都還在後悔。{nl}雖然現在為了贖罪過去的失誤，我在幫助某些人，但是若這件事情被傳出去的話，我的立場變得很尷尬喔！{nl}只要給他們一樣物品就可以了，做得好的話，實力也能得到認可並可得到技術傳承。	난 과거에 한 실수를 지금도 후회하고 있소.{nl}그에 대한 속죄겸 어떤 이들을 돕고 있는데 이게 알려지면 곤란한 일이라서 말이오.{nl}그들에게 물건을 하나 전하면 되는데, 잘 해낸다면 실력으로 인정하고 기술을 전수하리다.				몽크 마스터
QUEST_UNUSED_20151001_000427	因為那件事情而恨我的人很多。{nl}不過那件事並不是那些人管得著的。{nl}但確實我該對我所犯的錯負責任。	그 일로 나를 원망하는 사람들도 많지.{nl}하지만 그런 사람들을 신경써서 하는 일은 아니오.{nl}다만 나 스스로의 실수에 대한 책임을 지는 것이지.				몽크 마스터
QUEST_UNUSED_20151001_000428	好好轉交給他了嗎？{nl}那麼現在只要跟著我學一手就行了啊！	잘 전해주었소?{nl}그럼 이제 나아게 한 수 배우는 일만 남았군.				몽크 마스터
QUEST_UNUSED_20151001_000429	你是來向我取得認可的嗎？{nl}但是現在情況有點困擾呢！{nl}怪物們把交易帳簿都撕裂了。{nl}{nl}搞得現在進行其他工作就讓我一個頭兩個大了。{nl}要是你很急的話，我會告訴你地點你就替我把帳簿拿來吧！{nl}這事雖應保密，但這段期間你我也有了情分，我想我可以相信你這個人。	나에게 새로이 인정받기 위해 왔는가?{nl}하지만 지금은 내가 조금 곤란한 일이 있어서 힘들겠군.{nl}몬스터들 때문에 거래 장부가 찢어져버려서 말이네.{nl}{nl}이거 때문에 지금 다른 업무를 보는 일도 정신이 없네.{nl}정 급하다면 내가 장소를 알려줄테니 대신 예비 장부를 가져와주게.{nl}이런건 비밀이긴 하지만 자네와 그동안의 인연도 있고 믿을만한 사람이라고 생각하고 있으니 말이네.				파드너 마스터
QUEST_UNUSED_20151001_000430	備用帳簿就在修道院35_3。{nl}為了不讓其他人先找到我已經把真本藏在書哩，並且在四處放了很多偽造本，請仔細找找。	예비 장부는 수도원 35_3에 있네.{nl}다른 자들이 찾아내지 못하도록 책속에 숨겨두기도 했고 가짜 장부도 여럿 놓아두었으니 잘 찾아오게.				파드너 마스터
QUEST_UNUSED_20151001_000431	找到了嘛！{nl}能處理這樣危急的事情，我認可你的能力。	제대로 찾아왔군.{nl}급한 일은 처리했으니 자네는 이걸로 인정해주겠네.				파드너 마스터
QUEST_UNUSED_20151001_000432	為了好好運用德魯伊的能力，應好好了解自己操縱的植物。{nl}剛好我在神樹之日之後針對變成怪物的過度成長的植物等相關棘手問題進行調查，剛好也有你可以學習的地方。{nl}你如果幫我進行研究的話，我就認可這部分是你的修練。	드루이드의 능력을 잘 다루기 위해서는 자신이 다루는 식물에 대해서 잘 아는 것도 중요합니다.{nl}마침 제가 신수의 날 이후로 과성장한 식물들이 몬스터가 되어 날뛰는 문제를 조사하는 중이니 당신도 배울 점이 있겠지요.{nl}이 일을 돕는다면 그 부분을 수행으로 인정해드리겠습니다.				드루이드 마스터
QUEST_UNUSED_20151001_000433	消滅變成怪物的植物，並取得其標本。{nl}越強的怪物的身上可以越多的標本。	몬스터가 된 식물들을 처치하고 표본을 구해와 주세요.{nl}강한 몬스터일수록 더 많은 표본을 얻을 수 있습니다.				드루이드 마스터
QUEST_UNUSED_20151001_000434	看來你的實力相當不錯呢！{nl}已經說好要認可你的修練，我會按照約定幫助你。	실력도 충분하신 것 같군요.{nl}수행으로 인정해드리기로 했으니 약속대로 당신을 돕도록 하죠.				드루이드 마스터
QUEST_UNUSED_20151001_000435	你似乎對我有點用處的樣子，不過現在我有更重要的事要做。{nl}遠處發現的魔氣漸漸變強，看來已經開始受到神諭師的影響。{nl}結果用千里眼看到的影像已變得模糊。nl}	저에게 용무가 있으신 거 같은데 지금은 더 중요한 일이 있습니다.{nl}먼 곳에서 발생한 마기가 점점 짙어지더니 오라클의 힘에 영향을 주기 시작했습니다.{nl}결국에는 클레어보이언스로 보는 영상이 흐려지고 있습니다.{nl}				오라클 마스터
QUEST_UNUSED_20151001_000436	處理那股魔氣是現在首要之務。{nl}您願意出面試試看嗎？{nl}也許解決這件事情也能證實你的能力，對你來說也是一個測試。	그 마기를 처리하는 게 지금 가장 우선시되어야 할 일입니다.{nl}당신이 한번 나서보지 않겠습니까?{nl}어쩌면 이 일을 해결하는 게 당신의 능력을 증명하면서 동시에 시험이 될 수도 있다는 생각이 듭니다.				오라클 마스터
QUEST_UNUSED_20151001_000437	問題發生地點就在峽谷地帶36_1。{nl}只要把我給您的淨化的羅姆巴放置在魔氣最強的地方就可以了。	문제가 되고 있는 곳은 협곡지대 36_1입니다.{nl}제가 드린 정화의 로무바를 마기가 강한 곳에 세우면 됩니다.				오라클 마스터
QUEST_UNUSED_20151001_000438	似乎做得不錯呢！{nl}我覺得我這件事找你真是找對了。{nl}那麼現在換我來幫你了。	잘 해내신 모양입니다.{nl}당신에게 맡기길 잘 했다는 생각이 듭니다.{nl}그럼 이제 제가 당신을 돕도록 하겠습니다.				오라클 마스터
QUEST_UNUSED_20151001_000439	好的。前往這東西的所在地莫加森林吧。{nl}如果在那個地方發現看似引路人的角色的話，首先自然地與他對話，再用暗號回答他的問題。	좋소, 이 물건을 가지고 모치아 숲으로 가시오.{nl}그곳에서 접견인으로 보이는 사람을 발견하거든 일단 자연스럽게 대화를 하다가 그의 질문에 맞게 암구호를 말해야 하오.				몽크 마스터
QUEST_UNUSED_20151001_000440	魔族 雪德利佳伊拉	마족 쉬트리가일라				
QUEST_UNUSED_20151001_000441	該來的…總算…來了{nl}把我送到吉特涅身旁的那個人…{nl}	드디어.. 올 것이 왔군.{nl}날 길티네님의 곁으로 보내줄 이가..{nl}	QUEST_UNUSED_20150729_000315	是誰啊？滾一邊去！{nl}啊…但如果你能幫助我的話…	누구인가. 저리 가라.{nl}아.. 혹시 나를 도와줄 수 있다면..	마족 쉬트리가일라
QUEST_UNUSED_20151001_000442	有事情要拜託你。{nl}帶領我走向死亡吧！	네게 부탁이 있다.{nl}날 죽음으로 이끌어 다오.				마족 쉬트리가일라
QUEST_UNUSED_20151001_000443	寫在柱子上的字句	기둥에 적힌 글귀				
QUEST_UNUSED_20151001_000444	[克勞斯的背景]	[클레로스의 배경]				기둥에 적힌 글귀
QUEST_UNUSED_20151001_000445	{nl}雖然克勞斯是出身於某位領主家門之下的長子，被繼母的親生子嗣奪走了繼承權，且被趕出領地外，於是他記錄下人生的第一件失敗的事情。	{nl}클레로스는 어느 영주 가문의 장자로 태어났으나 계모의 자식에게 계승권을 빼앗기고 영지밖으로 쫓겨남으로 그의 인생의 첫 실패라 할 일을 기록하였습니다. 				기둥에 적힌 글귀
QUEST_UNUSED_20151001_000446	{nl}四處流浪的他在友人的勸導之下，隻身前往邊境地區開始工作，但不幸被友人欺騙，結果被俘虜到地區如奴隸般地日夜幹活。	{nl}방황하던 그는 지인의 권유로 변방으로 일자리를 찾아 떠났으나 그것은 사기였고, 강제로 잡힌 채로 죽도록 일만 하는 고생을 하였습니다. 				기둥에 적힌 글귀
QUEST_UNUSED_20151001_000447	{nl}在那之後，得到了露克立斯的救援，脫離了半奴隸般的的強制俘虜生活後，就這樣邊學習武藝過著安定的生活，但是，露克立斯被討伐以後，這樣安份的日子又再度變成了災難。	{nl}그 후에 루클리스의 구원을 받아 반노예의 강제된 삶에서는 벗어나 잠시 무예도 익히며 평화로운 시기를 보냈으나 루클리스가 토벌당함으로 그의 잠시의 안식은 다시 재난으로 변했습니다.				기둥에 적힌 글귀
QUEST_UNUSED_20151001_000448	[克勞斯的最後一刻]	[클레로스의 최후]				기둥에 적힌 글귀
QUEST_UNUSED_20151001_000449	{nl}{nl}漫長的逃亡生活就像是由苦難點綴而成的，這半輩子一事無成，結果被待捕後給卡雷伊瑪斯收容了。	{nl}{nl}기나긴 도주 생활은 고난으로 점철되어 정말 일생에 성공한 일이라고는 없는 삶을 살다가 결국에 그 마저 붙잡혀 칼레이마스로 수용되었습니다.				기둥에 적힌 글귀
QUEST_UNUSED_20151001_000450	{nl}要是在這惡名昭彰的監獄中有一絲絲的希望就好了，他就是這樣受苦到死前最後一刻。	{nl}그 악명높은 감옥에서 뭔가 희망이 있었다면 좋았겠지만, 그는 최후까지 그곳에서 고생을 하다가 죽었습니다.				기둥에 적힌 글귀
QUEST_UNUSED_20151001_000451	[克勞斯之死，死亡以後]	[클레로스의 죽음, 그 이후]				기둥에 적힌 글귀
QUEST_UNUSED_20151001_000452	{nl}{nl}就這樣結束的話，如果說他的一生是由痛苦與失敗構成的人生，也不算是唯一的苦差事，因為根據傳說，他現在仍是不得免去以死去靈魂的狀態被魔族拷問著。	{nl}{nl}여기서 끝난다면 그의 일생은 고난과 실패로 가득찬  삶이기는 해도 유일한 고역의 삶은 아니겠지만 일설에 의하면 그는 지금도 죽은 영혼의 상태로 마족에게 고문당하는 신세를 면치 못하고 있다고 합니다. 				기둥에 적힌 글귀
QUEST_UNUSED_20151001_000453	{nl}有些人說他之所以被魔族處以這樣的對待的事，是因為他的人生有著不為人知的祕密。	{nl}어떤 사람들은 그가 마족에게 이런 일을 당하고 있다는 사실 자체가 실은 그의 인생에 우리가 모르는 비밀한 사연이 있을 것이라 말하기도 합니다.				기둥에 적힌 글귀
QUEST_UNUSED_20151001_000454	刻在柱子上的字句	기둥에 새겨진 글귀				
QUEST_UNUSED_20151001_000455	[侏儒怪與月亮]	[럼펠스틸스킨과 달]				기둥에 새겨진 글귀
QUEST_UNUSED_20151001_000456	{nl}{nl}這故事不是百分百屬實，只是眾多流傳下來的傳說其中之一。根據我們所知，侏儒怪因為與利迪亞夏班下了賭注，而飛向月亮去了。	{nl}{nl}이것은 확실한 이야기는 아니지만 전설로 전해내려오는 이야기 가운데 하나입니다. 우리가 아는대로 럼펠스틸스킨은 리디아 샤펜과의 내기로 인해 달을 향해 긴 세월을 날아갔습니다. 				기둥에 새겨진 글귀
QUEST_UNUSED_20151001_000457	{nl}到達月亮之後，過著辛苦四處飛行的日子。但是到達月亮的時候，侏儒怪剛好發現一個嚴重的問題。自己騎乘前來利迪亞夏班的弓箭狀態並不是很好，甚至很難稱它為弓箭了，可見有多嚴重。	{nl}달에 도착하기까지 매우 긴 세월을 보내며 고생하여 비행을 했습니다. 그러나 마침내 달에 도착했을 때 럼펠스틸스킨은 중대한 문제를 발견했습니다. 자신이 타고 온 리디아 샤펜의 화살은 더 이상 화살이라고 부르기 어려울 정도의 상태가 되었습니다. 				기둥에 새겨진 글귀
QUEST_UNUSED_20151001_000458	到剛才為止自己搭乘的(其實只是姿勢看起來很像騎乘，他是用魔力來飛行的) 整個弓箭突然呈現嚴重被腐蝕的狀態，而他自己也嚇到了。	방금전까지 자신이 타고(실은 자세만 탄 것이지 실제로는 그의 마력으로 날게한) 온 화살이 갑자기 부식을 심하게 받은 상태로 변한 사실은 그를 놀라게 만들었습니다.				기둥에 새겨진 글귀
QUEST_UNUSED_20151001_000459	[侏儒怪與利迪亞夏班的弓箭]	[럼펠스틸스킨과 리디아 샤펜의 화살]				기둥에 새겨진 글귀
QUEST_UNUSED_20151001_000460	{nl}{nl}當然來到月球已經過了好一段時間，是有可能發生那種事的，但身體一離開弓箭，正要將弓箭射向月球表面時，竟然發生這種事情，對侏儒怪來說也是很荒唐的事情。	{nl}{nl}물론 긴 시간이 흘렀으니 그럴 수도 있는 일이지만, 화살에서 몸을 떼고 막 달 표면에 화살을 박으려하자 그런 일이 일어났으니 럼펠스틸스킨으로서는 황당한 일이었습니다. 				기둥에 새겨진 글귀
QUEST_UNUSED_20151001_000461	{nl}弓箭會變成那樣都是侏儒怪的錯。侏儒怪利用魔力讓弓箭飛行、保存在月亮上，不過利迪亞夏班的弓箭具備最初抵抗魔族的最高尚的性質。侏儒怪卻不知情，在騎乘弓箭的同時不斷消耗那魔力讓弓箭飛行，雖然飛行同時一邊看著弓箭，離開弓箭的瞬間，魔力也被切斷，那麼依靠魔力維持飛行的弓箭就好像生鏽的物體瞬間變成鏽粉一樣正漸漸消失。	{nl}화살이 그렇게 된 것은 럼펠스틸스킨의 탓입니다. 럼펠스틸스킨의 마력은 화살을 달까지 날게하고 또한 보존도 하였지만, 리디아 샤펜의 화살은 애초에 마족에 저항하는 상극의 성질을 지니고 있었습니다. 럼펠스틸스킨은 그것을 모르고 자신이 타는 동안에 그의 마력을 끊임없이 불어넣어 화살을 날게하고 한편으로 지켰지만, 한순간 화살과 접촉이 끊기자 마력도 끊겼고, 그러자 그간 마력으로 유지되던 화살은 마치 전체가 녹으로 된 물질이 형체만 유지하다가 녹가루 먼지로 화하는 것처럼 스러지고 만 것입니다.				기둥에 새겨진 글귀
QUEST_UNUSED_20151001_000462	[侏儒怪在哪裡]	[럼펠스틸스킨은 어디에]				기둥에 새겨진 글귀
QUEST_UNUSED_20151001_000463	{nl}{nl}侏儒怪仔細想了想，雖然了解箇中道哩，但還是太遲了。當然這故事不過只是一個不管是人類、女神還是魔族皆無法親自證實是否為真的傳說，說不定現在侏儒怪還正在飛向月球的路上呢。	{nl}{nl}럼펠스틸스킨은 곰곰히 생각해보고 그 이치를 알았지만 이미 때는 늦은 후였습니다. 물론 이 이야기는 인간도 여신도 마족에게도 확인할 길이 없는 전해지는 이야기에 불과하고 어쩌면 럼펠스틸스킨은 지금도 달을 향해 날고 있을지도 모릅니다.				기둥에 새겨진 글귀
QUEST_UNUSED_20151001_000464	{nl}也許利迪亞夏班為了尋找那剩下的弓箭躲了起來，也許他在某處迷了路也說不定。	{nl}어쩌면 리디아 샤펜이 남긴 다른 화살이 아직 세상에 존재하는지 찾기 위해 숨어서 이 세상을 헤매고 있을지도 모릅니다.				기둥에 새겨진 글귀
QUEST_UNUSED_20151001_000465	雷歐普達斯	레오폴다스				
QUEST_UNUSED_20151001_000466	是啟示者啊！{nl}真高興見到你！我是凱都拉歐姆商團的負責管理的新團員，我叫做雷歐普達斯。真的很高興見到你啊！	계시자님이시로구먼!{nl}반갑네 반가워. 난 케도라오머 상단에서 신입 단원 관리를 맡고 있는 레오폴다스라고 하네. 이렇게 만나다니 정말 반갑네.				레오폴다스
QUEST_UNUSED_20151001_000467	{nl}能這樣見到你真是有緣，聊個天吧…怎麼樣？	{nl}이렇게 만난 것도  인연인데, 잠시 이야기나 .. 어떤가?				레오폴다스
QUEST_UNUSED_20151001_000468	我們商團？{nl}你想知道甚麼，要不要我告訴你？	우리 상단?{nl}뭐 궁금하다니까 알려줘 볼까?				레오폴다스
QUEST_UNUSED_20151001_000469	{nl}其實我們商團才是這世界上不可或缺的存在呢！{nl}我不知道你知不知情，{nl}但為了讓水晶礦山永久存活，不管是採掘礦物的買賣{nl}還是星之塔、大教堂、大地要塞這樣的大型工程的原物料供等我們都有在經營。	{nl}실은 우리 상단이야말로 이 세상에서 없어서는 안 될 존재지.{nl}아는 지 모르겠는데, {nl}수정광산이 그리 오랜 세월 존재하도록 채굴 광물들의 매입을 했다든지{nl}별의 탑, 대성당, 대지의 요새 같은 대형 공사의 자재를 공급했다든지 하는 일 말이야.				레오폴다스
QUEST_UNUSED_20151001_000470	{nl}沒錯。這件事的罪魁禍首就是我們啦！ {nl}嚇到了吧？	{nl}그래 맞아. 그런 일을 해 온 장본인들이 바로 우리들이라네.{nl}놀랬지?				레오폴다스
QUEST_UNUSED_20151001_000471	有空的話希望你到瑪那哈斯幫助我們商團的營運。{nl}那裏有我負責的新團員，到我這裡做事的話可以幫忙尤拉泰或馬勒傑利尤思的業務。{nl}這樣一來你也算是一名正當的凱都拉歐姆商團的助手了。我總算有空閒做其他事了。	시간이 난다면 이 곳 마나하스에서 우리 상단의 일들을 좀 도와준다면 좋겠네.{nl}저쪽에 내 담당인 신입단원들도 있고, 저 아래로 내려가면 유라테나 마르젤리유스의 일도 도울 수 있지.{nl}그렇게 되면 자네도 당당히 케도라오머 상단의 조력자! 쯤이 되는 것이 아니겠나.				레오폴다스
QUEST_UNUSED_20151001_000472	就算是我們商團也是會經過一陣子難熬的時期。{nl}現在可說就是那樣的時期嘛？{nl}不管怎樣我們正致力於經營這個地區。	우리 상단이라고 해도 어려웠던 시절이 없으란 법은 없었지.{nl}지금이 살짝 그런 때라고 해도 되려나?{nl}여튼 그래서 이렇게 이 존에 주력하고 있는 것이고.				레오폴다스
QUEST_UNUSED_20151001_000473	下次見吧！	다음에 또 보세나.				레오폴다스
QUEST_UNUSED_20151001_000474	啊，如果是那個位置的話我應該知道是怎樣的聖物喔！{nl}比起利用道具，先用手挖挖看吧！{nl}請小心不要打破挖出來的東西，並轉交給我。	아, 그 위치라면 어떤 성물인지 알 것 같네요.{nl}도구를 사용하는 것 보다 일단 손으로 한 번 파 보세요.{nl}그리고 나오는 건 깨지지 않게 조심해서 가져다 주세요.				메리사
QUEST_UNUSED_20151001_000475	不會很難的。	별로 어렵지 않을 거예요.				메리사
QUEST_UNUSED_20151001_000476	小心不要打破。	깨지지 않게 조심하세요.				메리사
QUEST_UNUSED_20151001_000477	這是為了保存重要文件或資料而使用過的裝有祕密墨水的瓶子。{nl}有必要將記錄隱藏起來的時候，會告知已使用墨水。{nl}謝謝。	이건 중요한 기록이나 문서를 남기기 위해 사용하던 비밀잉크가 담긴 병이예요. {nl}기록을 숨겨야 할 필요가 있을 때 이 잉크를 사용했을 거라고 알려져 있어요.{nl}감사합니다.				메리사
QUEST_UNUSED_20151001_000478	安塔雷士	안타나스				
QUEST_UNUSED_20151001_000479	您好。{nl}我是路德宗團的安塔雷士。{nl}女神消失後，不與其他宗派的鬧分支或爭吵，反而默默地等待著女神，做著自己該做的事的宗派就是我們路德宗團。	안녕하시오.{nl}난 러드 종단의 안타나스라고 하오.{nl}여신이 사라진 지금, 다른 종파로 갈려 싸우기 보다는 묵묵히 이 곳 저 곳에서 여신을 기다리면서 자기 할 일을 하고 있는 종단이 바로 러드 종단이라오.				안타나스
QUEST_UNUSED_20151001_000480	{nl}我正在這建造聖所。{nl}而且確實必須尋找製造聖所的材料，但人手實在不足。{nl}你能幫助我嗎？	{nl}난 여기서 성소를 만들고 있소.{nl}아닌게 아니라 성소를 만들 재료들을 구해야 하는데 영 일손이 딸리네.{nl}좀 구해주시겠소?				안타나스
QUEST_UNUSED_20151001_000481	我正在這裡建造聖所，另外其他團員在別處也為了在製造女神的經典，正供應著相關材料，或是尋找集整理路德宗團先賢記錄等工作。	여기서 나는 성소를 만들고 있지만, 다른 곳에는 여신 경전을 만들기 위해 재료를 공수하고 있다든지, 러드종단 선현들의 기록을 찾아 정리하는 등의 일을 하는 종단원들이 있지.				안타나스
QUEST_UNUSED_20151001_000482	材料只有一兩樣而已。{nl}請聽好了。{nl}必須從怪物身上獲取石灰粉，然後從被覆蓋的石頭堆中取得石材用的石頭。	재료가 한 두가지여야지.{nl}잘 들으시오.{nl}몬스터에게서 횟가루도 얻어야 하고, 깔린 돌들에게서 석재용 돌도 구해야 하오.				안타나스
QUEST_UNUSED_20151001_000483	{nl}會很忙的喔。	{nl}많이 바쁠 거요.				안타나스
QUEST_UNUSED_20151001_000484	請加油！	힘을 내시오!				안타나스
QUEST_UNUSED_20151001_000485	哇做得真好！	이야, 잘 해 주었소.				안타나스
QUEST_UNUSED_20151001_000486	那個…大地要塞的怪物身上掉落的嗎？{nl}這是過去露克立斯部隊士兵身上的物品。{nl}	그건.. 대지의 요새의 몬스터에게서 나온 건가요?{nl}이건 과거 루클리스 부대 병사들이 가지고 있던 것입니다.{nl}				빌헬미나 캐리어트
QUEST_UNUSED_20151001_000487	你帶來的東西對我們騎士團的研究會很有幫助的。{nl}可以再帶多一點給我們嗎？	가져오신 물건은 저희 기사단의 연구에 도움이 될 것 같습니다.{nl}더 구해주실 수 있나요?				빌헬미나 캐리어트
QUEST_UNUSED_20151001_000488	位於大地要塞的怪物們身上竟然有這種東西…{nl}真有趣啊！	대지의 요새에 있는 몬스터들이 이런 걸 가지고 있다니..{nl}상당히 흥미롭군요.				빌헬미나 캐리어트
QUEST_UNUSED_20151001_000489	這樣就夠了。{nl}謝謝你幫助我們的研究。	이만하면 충분합니다. {nl}저희들의 연구에 도움을 주셔서 감사합니다.				빌헬미나 캐리어트
QUEST_UNUSED_20151001_000490	有甚麼事嗎？{nl}你要把這個給我嗎？{nl}	무슨 일이시지요?{nl}이걸 제게 주신다는 건가요?{nl}				빌헬미나 캐리어트
QUEST_UNUSED_20151001_000491	你嚇到了啊！這些都寫在過去士兵們的生活記錄裡。 {nl}你得趕快將這個資料送到騎士團那裏去。謝謝你了。	놀랍군요. 과거 병사들의 생활상이 적혀있어요. {nl}얼른 이 자료를 기사단 본부에 보내야겠습니다. 감사합니다.				빌헬미나 캐리어트
QUEST_UNUSED_20151001_000492	不行！{nl}拜託不要搶走那枚戒指…	안돼!{nl}제발 그 반지만은 빼앗지 말아줘..				원한 서린 영혼
QUEST_UNUSED_20151001_000493	那是炸彈啊… 還是未爆彈啊？{nl}我可以看看嗎？	그건 폭탄인데.. 불발탄인가?{nl}내가 좀 볼 수 있을까?				새퍼 마스터
QUEST_UNUSED_20151001_000494	這是舊型的嘛！{nl}書上都可以看到的炸彈。	이건 완전 구형이잖아!{nl}책에나 볼 수 있는 폭탄이야.				새퍼 마스터
QUEST_UNUSED_20151001_000495	士兵靈魂	병사 영혼				
QUEST_UNUSED_20151001_000496	無法向部隊成員們下達撤退指令。{nl}必須要吹喇叭…	부대원들에게 퇴각 명령을 내리지 못했습니다.{nl}나팔을 불어야 하는데..				루클리스 부대원의 영혼
QUEST_UNUSED_20151001_000497	不下令撤退的話我們會全數滅亡的。{nl}喇叭…	퇴각시키지 않으면 전멸당하고 말 겁니다.{nl}나팔을..				병사 영혼
QUEST_UNUSED_20151001_000498	謝謝你。你的所屬是哪裡呢？{nl}我現在得回到露克立斯主人那裏去了…	감사합니다. 당신은 어디 소속이십니까?{nl}저도 이제 루클리스님께 돌아가야겠습니다..				루클리스 부대원의 영혼
QUEST_UNUSED_20151001_000499	等一下！請聽一下這個人說的。{nl}如果想要找回別人的傳家之寶，就要交出獲得祝福的水晶。{nl}	잠시만요! 이 사람 말하는 것 좀 들어보세요.{nl}남의 집안 가보를 되돌려받고 싶으면 축복 받은 수정을 내놓으래요.{nl}				스콰이어 윌리야
QUEST_UNUSED_20151001_000500	一開始給了爛水晶，讓人失去了性命。{nl}哈！真是的。那麼現在要變本加厲連死人也叫醒詢問。{nl}	애초에 엉터리 수정을 줘서 사람 목숨까지 잃게 해 놓선 말이에요. {nl}하, 참. 그러더니 이젠 한술 더 떠서 죽은 사람까지 불러다 물어보래요.{nl}				스콰이어 윌리야
QUEST_UNUSED_20151001_000501	詢問如何召喚死人，他叫我跟他買亡者卷軸。{nl}所以我問他多少錢，他叫我獵殺怪物，用藍色塗料當貨款支付。{nl}	그럼 어떻게 불러내냐니까 자기한테 망자 스크롤을 사라잖아요?{nl}그래서 얼마면 되냐고 물어보니까 몬스터를 잡아서 파란 도료를 대금으로 내래요.{nl}				스콰이어 윌리야
QUEST_UNUSED_20151001_000502	那個老騙子一定是趁我去取得藍色塗料的時候逃走的！{nl}你可以幫我嗎？	분명 이 늙은 사기꾼이 제가 파란 도료를 구하러 간 사이에 도망치려는 게 분명해요!{nl}저를 도와주실 수 있나요?				스콰이어 윌리야
QUEST_UNUSED_20151001_000503	我太興奮，講話前言不對後言。我慢慢說給你聽。{nl}我是侍從大師尤斯堤那勒肯的朋友沃里亞。{nl}	흥분했더니 말에 두서가 없었네요. 차근차근 말씀드릴게요. {nl}저는 스콰이어 마스터인 유스티나 르귄의 친구 윌리야에요.{nl}				스콰이어 윌리야
QUEST_UNUSED_20151001_000504	那個寬恕者所說的死者是我朋友的父親賈伊流斯勒肯。{nl}失蹤的賈伊流斯勒肯過逝本身就很荒唐，但你看看他的態度。{nl}	저 파드너가 말하는 죽은 사람은 제 친구의 아버지인 가일류스 르귄님이죠.{nl}실종된 가일류스 르귄님이 돌아가셨다는 것도 황당한데 저 태도좀 보세요.{nl}				스콰이어 윌리야
QUEST_UNUSED_20151001_000505	那個老頭一邊說要將勒肯的傳家之寶還給遺屬，一邊滿足自己私欲。{nl}可憐的尤斯堤那..{nl}	저 늙은이가 르귄가의 가보를 유족에게 돌려주겠다면서 자기 사리사욕을 채우려 하잖아요.{nl}불쌍한 유스티나..{nl}				스콰이어 윌리야
QUEST_UNUSED_20151001_000506	藍色塗料可以從亞卡烏汀三岔路口的怪物身上取得。{nl}拜託你了。	파란 도료는 압가우딘 삼거리의 몬스터에게서 구하실 수 있을 거에요.{nl}꼭 부탁드릴게요.				스콰이어 윌리야
QUEST_UNUSED_20151001_000507	那個唐突的小女孩知道亡者卷軸值多少錢才這樣嗎？{nl}雖然可惜但是現在沒關係了。{nl}	저 당돌한 여자애는 그 망자 스크롤이 얼만 줄 알고 저러는 건지.{nl}아깝지만 이젠 상관 없어.{nl}				파드너 에리카스
QUEST_UNUSED_20151001_000508	想說幫幫可憐人，但竟然受到這種恥辱，真是讓人受不了。{nl}用這個尋找賈伊流斯，直接詢問看看！{nl}	불쌍한 사람 도와줬다가 이런 치욕을 당해야 하다니, 참을 수 없단 말이다.{nl}이걸로 가일류스를 찾아서 직접 물어보라고!{nl}				파드너 에리카스
QUEST_UNUSED_20151001_000509	尋找看看米雷斯墳墓邊的封印。{nl}聽說那個朋友在附近死掉。	미레스 무덤가의 봉인을 찾아봐.{nl}그 친구, 그 근처에서 죽었다고 들었으니까.				파드너 에리카스
QUEST_UNUSED_20151001_000510	這個騙子沒有收回獲得祝福的水晶的話沒有打算要讓步。{nl}真狠毒。	이 사기꾼은 축복 받은 수정을 돌려받을 때까지 물러날 생각은 없는 것 같아요.{nl}정말 독하네요.				스콰이어 윌리야
QUEST_UNUSED_20151001_000511	天啊！女神啊！{nl}沒想到在這種地方可以遇見人..{nl}	세상에, 여신이시여!{nl}이런 곳에서 사람을 만나게 될 줄이야..{nl}				단원 이르만타스
QUEST_UNUSED_20151001_000512	拜託幫幫我。{nl}我從星之塔開始就被追蹤者和魔族追逐。{nl}	제발 도와주십시오.{nl}전 별의 탑에서부터 추격자들과 마족들에게 쫓기고 있습니다.{nl}				단원 이르만타스
QUEST_UNUSED_20151001_000513	在我用信號彈發信號給同伴的時候，你可以陪著我嗎？{nl}我必須告訴另外二位和我一起來這裡的同伴說我還活著。	제가 신호탄으로 동료들에게 알리는 동안 잠시만 곁에 있어주실 수 있습니까?{nl}이 곳에 함께 온 두 명의 동료에게 제가 아직 살아있다는 걸 알려야 합니다.				단원 이르만타스
QUEST_UNUSED_20151001_000514	追蹤者們連這裡也..{nl}如果不是你，我就慘了　	추격자들이 여기까지..{nl}당신이 아니었다면 큰일날 뻔 했습니다.				단원 이르만타스
QUEST_UNUSED_20151001_000515	你.. 就像女神們在我身邊似的。{nl}沒錯，比那個討厭的吉特涅好多了。{nl}	너는.. 마치 여신들이 네 곁에 있는 것 같구나.{nl}그래. 그 가증스러운 길티네보단 낫겠지.{nl}				마군주 하우벅
QUEST_UNUSED_20151001_000516	我是魔君主哈勃克。{nl}也許你已經和我的其它碎片見過了。{nl}但是那個碎片和我是不一樣，我不知道你是誰..{nl}	나는 마군주 하우벅이다.{nl}어쩌면 이미 너는 나의 다른 조각을 만났을 수도 있을 것이다.{nl}하지만 그 조각은 나와는 다른 조각일 뿐, 나는 네가 누군지 모른다..{nl}				마군주 하우벅
QUEST_UNUSED_20151001_000517	我透過這個叫阿卡達斯的人類從魔族手中逃出。{nl}但是阿卡達斯中了魔族的麻痺毒快要死掉了。{nl}	나는 이 아가타스라는 인간을 통해 마족에게서 도망치고 있었다.{nl}하지만 아가타스가 마족의 마비독에 당해 이렇게 죽어가고 있구나.{nl}				마군주 하우벅
QUEST_UNUSED_20151001_000518	我知道你不相信我。{nl}但是請你救救這善良的朝聖者。{nl}如果你取回深藍香草，就可以救他。	네가 나를 믿을 수 없다는 건 안다.{nl}하지만 이 선하디 선한 순례자만은 살려다오.{nl}네가 검푸른 허브를 구해온다면 그를 살릴 수 있다.				마군주 하우벅
QUEST_UNUSED_20151001_000519	(好像昏迷了。)	(정신을 잃은 것 같다)				순례자 아가타스
QUEST_UNUSED_20151001_000520	這個可以救阿卡達斯。{nl}沒有東西可以報答你的善意。{nl}	이것이라면 아가타스를 살릴 수 있다.{nl}너의 선의에 보답할 만한 게 없구나.{nl}				마군주 하우벅
QUEST_UNUSED_20151001_000521	在你眼你我是那個要被消滅的魔族吧！{nl}但是阿卡達斯醒來時，他會說明一切的。	네 눈엔 나는 그저 없애야 할 마족으로만 보이겠지.{nl}하지만 아가타스가 깨어나면 모든 것을 설명해 줄 것이다.				마군주 하우벅
QUEST_UNUSED_20151001_000522	凱爾利斯騎士團嗎？好。{nl}雖然我們無法完全相信你，但是如你幫助我的計劃，我想可以帶你一起去。{nl}	칼리스 기사단이라고? 좋아.{nl}우리가 널 완전히 믿진 못하겠지만 내 계획을 도와준다면 함께 데려가 줄 용의는 있어.{nl}				도굴꾼 아만다
QUEST_UNUSED_20151001_000523	大地要塞是露克立斯軍最後的扺抗地，知道吧？{nl}如螞蟻窩般挖地洞造出的地方。{nl}	대지의 요새가 루클리스 군의 마지막 저항지였다는 건 알고 있지?{nl}개미굴 처럼 땅 속을 파서 만든 곳이지.{nl}				도굴꾼 아만다
QUEST_UNUSED_20151001_000524	現在王國軍們如鐵桶般緊緊守護著。{nl}不奇怪嗎？{nl}	지금은 왕국군들이 철통같이 지키고 있어.{nl}이상하지 않아?{nl}				도굴꾼 아만다
QUEST_UNUSED_20151001_000525	判亂是400年前的事，現在是神樹之日什麼的，兵力也不足啊。{nl}이 城市狀況也不太好，就算具有歷史意義，但是需要守護到那個程度嗎？{nl}	반란은 400년 전의 일이고 지금은 신수의 날이다 뭐다 해서 병력도 부족하잖아.{nl}이 도시도 그렇고 아무리 역사적으로 의미가 있어도 그렇게까지 지켜야 할 필요가 있냐는 거야.{nl}				도굴꾼 아만다
QUEST_UNUSED_20151001_000526	在王國的背後好像在進行什麼見不得人的交易。{nl}如果不是為何要守護這個和石塊沒兩樣的地方。{nl}	뭔가 왕국의 뒤에서 시꺼먼 거래라도 오고간 게 아닐까 싶어.{nl}그런 게 아니라면 뭐하러 이런 돌덩이나 다름 없는 걸 지키겠어?{nl}				도굴꾼 아만다
QUEST_UNUSED_20151001_000527	凱爾利斯騎士團注意到那裡，好奇那裡也許有什麼。{nl}他們只要得到約定的東西，就算隨便行動，他們也會當作沒看見。{nl}	칼리스 기사단은 거기에 주목해서 뭔가 있지 않을까 궁금한가봐.{nl}그들은은 계약한 것만 챙겨 오면 마음대로 움직여도 못본 척 해주겠다고 했어.{nl}	QUEST_UNUSED_20151001_000526	在王國的背後好像在進行什麼見不得人的交易。{nl}如果不是為何要守護這個和石塊沒兩樣的地方。{nl}	뭔가 왕국의 뒤에서 시꺼먼 거래라도 오고간 게 아닐까 싶어.{nl}그런 게 아니라면 뭐하러 이런 돌덩이나 다름 없는 걸 지키겠어?{nl}	도굴꾼 아만다
QUEST_UNUSED_20151001_000528	啊！我當然會不讓王國軍知道偷偷地進入大地要塞裡充滿寶物的房間。{nl}裡面一定堆滿了軍費或是其他什麼的。{nl}	아, 물론 난 왕국군 몰래 대지의 요새에 있는 보물이 가득한 방으로 들어갈 거야.{nl}분명 군자금이니 뭐니 엄청난 것을 잔뜩 쌓아 놓고 있을 거라고.{nl}				도굴꾼 아만다
QUEST_UNUSED_20151001_000529	先幫我收集集合地的露克立斯時代的記錄物。{nl}如果要穿越守護在那的滴水嘴怪需要那個。	일단 집결지에 있는 루클리스 시대의 기록물들을 모아줘.{nl}저길 지키고 있는 가고일을 뚫을려면 그게 필요하거든.				도굴꾼 아만다
QUEST_UNUSED_20151001_000530	邪靈祭司 尤塔	보코르 유타				
QUEST_UNUSED_20151001_000531	我正在尋找澤米娜女神的下落。{nl}女神下落不明這件事大家都知道。{nl}	전 제미나 여신의 행방을 찾고 있어요.{nl}여신께서 행방불명되셨다는건 누구나 아는 이야기지요.{nl}	QUEST_UNUSED_20150729_000317	哇，沒想到在墓地竟然能遇到活人。{nl}我是服侍澤米娜女神的邪靈祭司。我是追隨著消失的澤米娜女神的蹤跡來到了這裡。{nl}	우와. 이런 묘지에서 사람을 만날 줄은 몰랐어요.{nl}저는 제미나 여신님을 모시는 보코르에요. 사라진 제미나 여신님의 자취를 쫓아 이 곳까지 왔죠.{nl}	보코르 유타
QUEST_UNUSED_20151001_000532	聽到女神祝福真理之樹教團的消息而來到這裡.. {nl}這裡卻只充滿亡者。{nl}	여신께서 진리의 나무 교단을 축복했단 소문을 듣고 여기까지 왔는데.. {nl}망자들만 가득하네요.{nl}	QUEST_UNUSED_20150729_000318	隱身的澤米娜女神祝福了真理之樹教團，所以我跟著來到這裡。{nl}一來到這只看到屍體遍野。{nl}憑我的力量也無法駕馭這些屍體。屍體可能會妨礙到儀式進行得清除乾淨才行…	모습을 감춘 제미나 여신께서 진리의 나무 교단을 축복했다고 하시기에 여기까지 달려왔는데{nl}막상 와보니까 시체들만 돌아다니고 있네요.{nl}심지어 이 시체들 제 힘으로 제어도 안되요. 의식에 방해가 되니 처치를 해야할 것 같은데..	보코르 유타
QUEST_UNUSED_20151001_000533	如果你會繼續待在這個墓園，可以幫幫我嗎？{nl}這些亡者光靠我的力量無法解決，他們只要聽到祈禱聲就會跑過來。{nl}	혹시 이 묘역에 계속 계실 거라면 절 좀 도와주시겠어요?{nl}이 망자들은 제 힘으로도 어떻게 안되고 기도 소리만 들으면 마구 달려들거든요.{nl}				보코르 유타
QUEST_UNUSED_20151001_000534	必須對女神祈禱才能確認她是否在附近。	여신께 기도를 올려야 이 근처에 계시는지라도 확인이 될 텐데 말예요.				보코르 유타
QUEST_UNUSED_20151001_000535	真的嗎？雖然只是口頭說說但還是感謝。{nl}其實我一個人連祈禱也很累。{nl}	정말요? 말 만으로도 감사하네요.{nl}사실 혼자서는 기도마저도 힘들었거든요.{nl}	QUEST_UNUSED_20150729_000319	啊真的嗎？就算只是說說我也很感謝啊！{nl}其實一個人準備儀式也是很麻煩的。{nl}	아, 정말요? 말 만으로도 감사하네요.{nl}사실 혼자서는 의식 준비도 좀 벅찼거든요.{nl}	보코르 유타
QUEST_UNUSED_20151001_000536	那麼入棺室的亡者就拜託你了。{nl}這段時間我會祈禱看看女神在哪裡。	그럼 입관실의 망자들을 부탁드릴게요.{nl}그 동안 전 여신이 어디 계시는지 기도를 올려 보겠어요.	QUEST_UNUSED_20150729_000320	那麼請幫我清除附近的屍體。{nl}我則負責準備儀式然後向女神禱告。	그럼 근처의 시체들을 처치해주세요.{nl}저는 그 동안 의식을 준비하고 여신님께 기도를 올릴게요.	보코르 유타
QUEST_UNUSED_20151001_000537	想說如果是這裡應該可以找到澤米娜女神的下落，結果這裡竟然充滿了亡者..{nl}我第一次見到這種情況，我得快點找到澤米娜大人。	여기라면 제미나 여신의 행방을 찾을 수 있을까 했는데 망자들만 가득하다니..{nl}이런 건 처음 봐요. 어서 제미나님을 찾아야 할텐데요.	QUEST_UNUSED_20150729_000321	我想說來到這裡應該會看到甚麼東西，聽說是邪靈祭司力量都駕馭不了的屍體…{nl}我第一次看到這種東西。得趕快去見女神才行…	여기 오면 뭐라도 있을 까 했는데 보코르의 힘이 통하지 않는 시체라니..{nl}이런 건 처음 봐요. 어서 여신님을 찾아야 할텐데요..	보코르 유타
QUEST_UNUSED_20151001_000538	啊！回來了啊。{nl}託你的福在進行祈禱時，屍體沒有撲過來。{nl}	아, 돌아오셨군요. {nl}덕분에 기도를 올리는 동안은 시체들이 덤벼들진 않았어요.{nl}	QUEST_UNUSED_20150729_000322	啊您回來了啊！託您的福，我才能順利向女神禱告。{nl}嗯…您還是跟平常一樣話不多啊…	아, 돌아오셨군요. 덕분에 무사히 여신님께 기도를 올릴 수 있었어요.{nl}뭐.. 여느때 처럼 대답은 없으셨지만요..	보코르 유타
QUEST_UNUSED_20151001_000539	但是這裡也是對女神祈禱沒有用的樣子。	하지만 여기서도 여신께 기도는 닿지 않았나봐요.				보코르 유타
QUEST_UNUSED_20151001_000540	咒術人偶[邪靈祭司轉職]	주술인형[보코르 전직]				
QUEST_UNUSED_20151001_000541	倒下傭兵的屍體	쓰러져 있는 용병의 시신				
QUEST_UNUSED_20151001_000542	詢問該怎麼辦。	어떻게 하면 되는 지 묻는다	QUEST_LV_0100_20150317_002398	同意	수락	
QUEST_UNUSED_20151001_000543	要我看著辦所以拒絕。	알아서 하라며 거절한다	QUEST_LV_0200_20150317_001850	拒絕	거부	
QUEST_UNUSED_20151001_000544	利迪亞夏班與造箭者的弓箭[造箭者轉職]	리디아 샤펜과 플레쳐의 화살[플레쳐 전직]				
QUEST_UNUSED_20151001_000545	我會找找看箭矢。	화살을 찾아보겠다고 한다	QUEST_LV_0100_20150317_002398	同意	수락	
QUEST_UNUSED_20151001_000546	因為沒信心而放棄。	자신없으니 그만둔다	QUEST_LV_0200_20150317_001850	拒絕	거부	
QUEST_UNUSED_20151001_000547	詢問如果馴服怪物。	몬스터를 어떻게 길들이는 지 묻는다	QUEST_LV_0100_20150317_002398	同意	수락	
QUEST_UNUSED_20151001_000548	胡說八道。	말도 안되는 소리라고 한다				
QUEST_UNUSED_20151001_000549	一發必中[黑暗騎兵轉職]	일발필중[슈바르츠라이터 전직]				
QUEST_UNUSED_20151001_000550	我有信心。	자신있다고 한다				
QUEST_UNUSED_20151001_000551	拒絕說並非如此。	그렇지 않다고 거절한다	QUEST_LV_0200_20150317_001850	拒絕	거부	
QUEST_UNUSED_20151001_000552	我會轉交。	전해주겠다고 한다				
QUEST_UNUSED_20151001_000553	因為可疑而拒絕。	수상하니 거절해둔다	QUEST_LV_0200_20150323_004490	需要準備的時間	준비할 시간이 필요하다고 한다	
QUEST_UNUSED_20151001_000554	我會帶帳簿來。	장부를 가져오겠다고 한다	QUEST_LV_0100_20150317_002398	同意	수락	
QUEST_UNUSED_20151001_000555	我下次會再來。	다음에 다시오겠다고 한다	QUEST_LV_0200_20150317_001850	拒絕	거부	
QUEST_UNUSED_20151001_000556	我會解決。	해결하겠다고 한다				
QUEST_UNUSED_20151001_000557	給我考慮的時間。	생각할 시간을 달라고 한다	QUEST_LV_0200_20150317_001850	拒絕	거부	
QUEST_UNUSED_20151001_000558	某人的記錄(1)	누군가의 기록(1)				
QUEST_UNUSED_20151001_000559	正在刮灰塵	먼지를 긁어 내느 중				
QUEST_UNUSED_20151001_000560	柱子裡一掉出黑粉，怪物一看到就蜂湧而上！	기둥에서 검은 가루가 떨어지자 그것을 보고 몬스터들이 몰려듭니다!				
QUEST_UNUSED_20151001_000561	正在抖出黑粉	검은 가루를 털어 내는 중				
QUEST_UNUSED_20151001_000562	一抖出黑粉就看到某個記錄！	검은 가루를 털어냈더니 어떤 기록 같은 것이 보입니다!				
QUEST_UNUSED_20151001_000563	某人的記錄(2)	누군가의 기록(2)				
QUEST_UNUSED_20151001_000564	也許是因為白天的關係，夜光蟲沒有發光！{nl}請從周邊怪物身上取回可以當夜光蟲食物的怪物油脂！	낮이라서 그런지, 야광충이 빛을 내지 않습니다!{nl}주변 몬스터에게서 야광충의 먹이가 되는 몬스터 기름을 구해 오세요!				
QUEST_UNUSED_20151001_000565	必須要收集怪物油脂才可以閱讀字句！	몬스터 기름을 모아야 글귀를 읽을 수 있습니다!				
QUEST_UNUSED_20151001_000566	再次觀察中	다시 살펴 보는 중				
QUEST_UNUSED_20151001_000567	夜光蟲開始發出光芒！	야광충이 빛을 내기 시작합니다!				
QUEST_UNUSED_20151001_000568	某人的記錄(3)	누군가의 기록(3)				
QUEST_UNUSED_20151001_000569	正在觀察柱子	기둥 살펴 보는 중				
QUEST_UNUSED_20151001_000570	站在柱子附近，說出從某個地方獲得的數字吧！	기둥 가까이 서서 어딘가에서 얻은 숫자를 말해 봅시다!				
QUEST_UNUSED_20151001_000571	柱子的字句閱讀中	기둥의 글귀 읽는 중				
QUEST_UNUSED_20151001_000572	刻在柱子上的人物(1)	기둥에 새겨진 인물(1)				
QUEST_UNUSED_20151001_000573	太暗了看不見！請在周圍採集發光苔蘚！	어두워서 보이지 않습니다! 주변에서 빛나는 이끼를 채취해 오세요!				
QUEST_UNUSED_20151001_000574	正在閱讀柱子的字句	기둥의 글귀를 읽는 중				
QUEST_UNUSED_20151001_000575	多虧有發光苔蘚，可以閱讀字句了！	빛나는 이끼 덕분에 글귀를 읽을 수 있게 되었습니다!				
QUEST_UNUSED_20151001_000576	刻在柱子上的人物(2)	기둥에 새겨진 인물(2)				
QUEST_UNUSED_20151001_000577	也沒有碰柱子，柱子就倒下了！{nl}請從怪物那裡莪回修理柱子時所用的黏性液體！	건드리지도 않았는데 기둥이 무너져 버렸습니다!{nl}몬스터에게서 기둥을 수리 할 점성 있는 액체를 구해 오세요!				
QUEST_UNUSED_20151001_000578	需要黏性液體。	점성 있는 액체가 필요합니다				
QUEST_UNUSED_20151001_000579	柱子修理中	기둥 수리 중				
QUEST_UNUSED_20151001_000580	刻在柱子上的人物(3)	기둥에 새겨진 인물(3)				
QUEST_UNUSED_20151001_000581	正在塞碎片進去	조각들을 끼워 넣는 중				
QUEST_UNUSED_20151001_000582	已變成可以閱讀字句的狀態！	글귀를 읽을 수 있는 상태가 되었습니다!				
QUEST_UNUSED_20151001_000583	收集聖物(4)	성물 수집(4)				
QUEST_UNUSED_20151001_000584	我會去挖掘。	발굴해 오겠다고 한다				
QUEST_UNUSED_20151001_000585	聖物挖掘中	성물 발굴 중				
QUEST_UNUSED_20151001_000586	已發現聖物！	성물을 발견 했습니다!				
QUEST_UNUSED_20151001_000587	我會收集看看。	모아보겠다고 한다				
QUEST_UNUSED_20151001_000588	不會再進入了。	다시 들어갈 일은 없다고 한다	QUEST_UNUSED_20150717_000281	不太有興趣。	별로 관심 없다고 한다.	
QUEST_UNUSED_20151001_000589	記載著露克立斯部隊的相關事蹟。	루클리스 부대와 관련된 이야기가 적혀있습니다				
QUEST_UNUSED_20151001_000590	撤退指令	퇴각명령				
QUEST_UNUSED_20151001_000591	旅程的開始(1)	여정의 시작(1)				
QUEST_UNUSED_20151001_000592	旅程的開始(2)	여정의 시작(2)				
QUEST_UNUSED_20151001_000593	旅程的開始(3)	여정의 시작(3)				
QUEST_UNUSED_20151001_000594	旅程的開始(4)	여정의 시작(4)				
QUEST_UNUSED_20151001_000595	歐勒夏(1)	오르샤(1)				
QUEST_UNUSED_20151001_000596	歐勒夏(2)	오르샤(2)				
QUEST_UNUSED_20151001_000597	歐勒夏(3)	오르샤(3)				
QUEST_UNUSED_20151001_000598	帶著感恩之心	감사의 마음을 담아				
QUEST_UNUSED_20151001_000599	非常想要獻給你	꼭 드리고 싶어요				
QUEST_UNUSED_20151001_000600	迷失於森林(1)	숲 속에서 길을 잃다(1)				
QUEST_UNUSED_20151001_000601	迷失於森林(2)	숲 속에서 길을 잃다(2)				
QUEST_UNUSED_20151001_000602	沒有主人的物品	주인없는 물건				
QUEST_UNUSED_20151001_000603	不安全的安全地帶	안전하지 않은 안전지대				
QUEST_UNUSED_20151001_000604	無法休息的移居民	쉴 수 없는 이주민				
QUEST_UNUSED_20151001_000605	消失的主教(1)	사라진 주교(1)				
QUEST_UNUSED_20151001_000606	消失的主教(2)	사라진 주교(2)				
QUEST_UNUSED_20151001_000607	消失的主教(3)	사라진 주교(3)				
QUEST_UNUSED_20151001_000608	消失的主教(5)	사라진 주교(5)				
QUEST_UNUSED_20151001_000609	尋找被消除的痕跡	지워진 흔적 찾기				
QUEST_UNUSED_20151001_000610	被燒毀的蹤跡(1)	불타버린 행방(1)				
QUEST_UNUSED_20151001_000611	被燒毀的蹤跡(2)	불타버린 행방(2)				
QUEST_UNUSED_20151001_000612	尋找被消除的痕跡(5)	지워진 흔적 찾기(5)				
QUEST_UNUSED_20151001_000613	尋找被消除的痕跡(6)	지워진 흔적 찾기(6)				
QUEST_UNUSED_20151001_000614	情報員的苦差	정보원의 격무				
QUEST_UNUSED_20151001_000615	消除味道	냄새 없애기				
QUEST_UNUSED_20151001_000616	轉變方向	발길 돌리기				
QUEST_UNUSED_20151001_000617	怪物群落地(1)	몬스터 군락지(1)				
QUEST_UNUSED_20151001_000618	怪物群落地(2)	몬스터 군락지(2)				
QUEST_UNUSED_20151001_000619	大規模搜索(1)	대규모 수색(1)				
QUEST_UNUSED_20151001_000620	大規模搜索(2)	대규모 수색(2)				
QUEST_UNUSED_20151001_000621	大規模搜索(3)	대규모 수색(3)				
QUEST_UNUSED_20151001_000622	大規模搜索(4)	대규모 수색(4)				
QUEST_UNUSED_20151001_000623	大規模搜索(5)	대규모 수색(5)				
QUEST_UNUSED_20151001_000624	大規模搜索(6)	대규모 수색(6)				
QUEST_UNUSED_20151001_000625	輔助活動	보조 활동				
QUEST_UNUSED_20151001_000626	可疑場所	수상한 장소				
QUEST_UNUSED_20151001_000627	事前調查(1)	사전 조사(1)				
QUEST_UNUSED_20151001_000628	事前調查(2)	사전 조사(2)				
QUEST_UNUSED_20151001_000629	汙染的怪物	오염된 몬스터				
QUEST_UNUSED_20151001_000630	比錢還珍貴的性命	돈 보다 귀한 목숨				
QUEST_UNUSED_20151001_000631	回收本錢	밑천 회수				
QUEST_UNUSED_20151001_000632	危險線索(1)	위험한 단서(1)				
QUEST_UNUSED_20151001_000633	危險線索(2)	위험한 단서(2)				
QUEST_UNUSED_20151001_000634	危險線索(3)	위험한 단서(3)				
QUEST_UNUSED_20151001_000635	烏魯波納斯的下落(1)	우르보나스의 행방(1)				
QUEST_UNUSED_20151001_000636	烏魯波納斯的下落(2)	우르보나스의 행방(2)				
QUEST_UNUSED_20151001_000637	烏魯波納斯的下落(3)	우르보나스의 행방(3)				
QUEST_UNUSED_20151001_000638	烏魯波納斯的下落(4)	우르보나스의 행방(4)				
QUEST_UNUSED_20151001_000639	烏魯波納斯的下落(5)	우르보나스의 행방(5)				
QUEST_UNUSED_20151001_000640	烏魯波納斯的下落(6)	우르보나스의 행방(6)				
QUEST_UNUSED_20151001_000641	烏魯波納斯的下落(7)	우르보나스의 행방(7)				
QUEST_UNUSED_20151001_000642	辦事確實	일처리는 확실히				
QUEST_UNUSED_20151001_000643	新敵人	새로운 적				
QUEST_UNUSED_20151001_000644	魔族包袱(1)	마족 꾸러미(1)				
QUEST_UNUSED_20151001_000645	魔族包袱(2)	마족 꾸러미(2)				
QUEST_UNUSED_20151001_000646	掌心之中(5)	손아귀 속으로(5)				
QUEST_UNUSED_20151001_000647	掌心之中(6)	손아귀 속으로(6)				
QUEST_UNUSED_20151001_000648	如果又如果(1)	만약에 또 만약에(1)				
QUEST_UNUSED_20151001_000649	如果又如果(2)	만약에 또 만약에(2)				
QUEST_UNUSED_20151001_000650	驅逐	쫓아내기				
QUEST_UNUSED_20151001_000651	募集囚犯	죄수 모집				
QUEST_UNUSED_20151001_000652	在更深處(1)	더 깊은 곳에서(1)				
QUEST_UNUSED_20151001_000653	在更深處(2)	더 깊은 곳에서(2)				
QUEST_UNUSED_20151001_000654	在更深處(3)	더 깊은 곳에서(3)				
QUEST_UNUSED_20151001_000655	在更深處(4)	더 깊은 곳에서(4)				
QUEST_UNUSED_20151001_000656	請再等一下。	좀 더 기다려 달라고 한다				
QUEST_UNUSED_20151001_000657	全部還原(1)	모든 것이 제자리로(1)				
QUEST_UNUSED_20151001_000658	全部還原(2)	모든 것이 제자리로(2)				
QUEST_UNUSED_20151001_000659	除銹	녹 제거				
QUEST_UNUSED_20151001_000660	珍貴的	소중하고 귀중한				
QUEST_UNUSED_20151001_000661	想法轉換	발상의 전환				
QUEST_UNUSED_20151001_000662	全部還原(3)	모든 것이 제자리로(3)				
QUEST_UNUSED_20151001_000663	餵食飛行型怪物	비행형 몬스터에게 먹이주기	QUEST_JOBSTEP_20150717_002920	該做的事	할일	
QUEST_UNUSED_20151001_000664	馴鷹者大師要試試看怪物是否可以代替馴鷹者用，請對三種飛行型怪物餵食食物，並試著馴服牠們。	응사 마스터는 몬스터들을 매 대신 쓸 수 있을 지 시험해보고자 합니다. 세 종류의 비행형 몬스터에게 먹이를 주고 길들이기를 시도해보세요.	QUEST_JOBSTEP_20150717_002920	該做的事	할일	
QUEST_UNUSED_20151001_000665	跟馴鷹者大師報告	응사 마스터에게 보고				
QUEST_UNUSED_20151001_000666	馴服怪物失敗了。回去找馴鷹者大師。	몬스터를 길들이는데 실패했습니다. 응사 마스터에게 돌아가세요.				
QUEST_UNUSED_20151001_000667	到祈願森林找黑暗騎兵大師吧！	기원의 숲에 있는 슈바르츠라이터 마스터를 찾아가세요.				
QUEST_UNUSED_20151001_000668	對普通怪物連續命中200次	일반 몬스터에게 연속 200회 명중				
QUEST_UNUSED_20151001_000669	黑暗騎兵大師說要觀察你是否具備準確命中鎖定敵人的實力。請攻擊普通怪物，連線命中200次吧！	슈바르츠라이터 마스터는 노린적을 확실하게 맞추는 실력을 보겠다고 합니다. 일반 몬스터를 상대로 공격을 200회 연속 확실하게 명중시키세요.	QUEST_JOBSTEP_20150717_002920	該做的事	할일	
QUEST_UNUSED_20151001_000670	沒有失誤已連續命中全部敵人。回去找黑暗騎兵大師。	실수 없이 적에게 연속으로 공격을 모두 명중시켰습니다. 슈바르츠라이터 마스터에게 돌아가세요.	QUEST_JOBSTEP_20150717_002944	請回去找黑暗騎兵大師。	슈바르츠 라이터 마스터에게 돌아가세요.	
QUEST_UNUSED_20151001_000671	尋找躲藏的接頭人並轉交物品	숨어있는 접선자를 찾아 물건 건내기	QUEST_JOBSTEP_20150717_002920	該做的事	할일	
QUEST_UNUSED_20151001_000672	武僧大師說去見巴伊爾派人的人轉交他給的物品。因為接頭人躲起來，所以前往武僧大師寫在紙條上的場所直接說出暗號，並將物品轉交給接頭人。	몽크 마스터는 바일이 보낸 사람을 만나 자신이 준 물건을 건내주라고 합니다. 접선해야 할 사람은 숨어 있다고 하니 몽크 마스터가 건내 준 쪽지에 적힌 장소로가서 접선 암호를 말하고 나타난 접선인에게 물건을 건내주세요.	QUEST_JOBSTEP_20150717_002920	該做的事	할일	
QUEST_UNUSED_20151001_000673	跟武僧大師報告	몽크 마스터에게 보고				
QUEST_UNUSED_20151001_000674	順利地將物品轉交給接頭人了。回去找武僧大師。	무사히 접선자에게 물건을 전달했습니다. 몽크 마스터에게 돌아가세요.	QUEST_JOBSTEP_20150717_002945	請回去找武僧大師。	몽크 마스터에게 돌아가세요.	
QUEST_UNUSED_20151001_000675	搜索寬恕者大師的帳簿	파드너 마스터의 장부 수색	QUEST_JOBSTEP_20150717_002920	該做的事	할일	
QUEST_UNUSED_20151001_000676	寬恕者大師說他持有的帳簿被撕碎無法使用了。請到修道院 35_3幫忙找回寬恕者大師所隱藏的備份帳簿。	파드너 마스터는 자신이 가진 장부가 찢어져서 쓸 수 없게 되었다고 합니다. 수도원 35_3에 파드너 마스터가 숨겨둔 예비장부를 찾아와 주세요.	QUEST_JOBSTEP_20150717_002920	該做的事	할일	
QUEST_UNUSED_20151001_000677	已找到寬恕者大師的帳簿。回去找寬恕者大師。	파드너 마스터의 장부를 찾았습니다. 파드너 마스터에게 돌아가세요.	QUEST_JOBSTEP_20150717_002946	請回去找寬恕者大師。	파드너 마스터에게 돌아가세요.	
QUEST_UNUSED_20151001_000678	收集植物怪物的樣本	식문 몬스터의 샘플 수집	QUEST_JOBSTEP_20150717_002920	該做的事	할일	
QUEST_UNUSED_20151001_000679	德魯伊大師說他正在調查神樹之日以後過度成長的植物。幫助他的研究，請消滅植物型怪物並收集樣本。愈強的怪物可以獲得愈多的樣本。	드루이드 마스터는 신수의 날 이후 과성장한 식물들에 대해 조사하고 있다고 합니다. 연구를 돕기 위해 식물형 몬스터를 처치하고 샘플을 모아오세요. 강한 몬스터일수록 더 많은 샘플을 얻을 수 있습니다.	QUEST_JOBSTEP_20150717_002920	該做的事	할일	
QUEST_UNUSED_20151001_000680	轉交給德魯伊大師	드루이드 마스터에게 전달				
QUEST_UNUSED_20151001_000681	已充份收集植物型怪物的樣本。回去找德魯伊大師。	식물형 몬스터의 샘플을 충분히 모았습니다. 드루이드 마스터에게 돌아가세요.				
QUEST_UNUSED_20151001_000682	在峽谷地帶 36_1設置淨化的羅姆巴	협곡지대 36_1에 정화의 로무바 설치				
QUEST_UNUSED_20151001_000683	神諭師大師說最近魔氣變強，他自身的能力受到防礙。特別是魔氣變強防礙最嚴重的峽谷地帶 36_1，去那裡設置淨化的羅姆巴吧！	오라클 마스터는 최근 마기가 강해져서 자신의 능력이 방해받고 있다고 합니다. 특히 마기가 강해 방해가 심한 협곡지대 36_1에 가서 정화의 로무바를 설치하세요.	QUEST_JOBSTEP_20150717_002920	該做的事	할일	
QUEST_UNUSED_20151001_000684	跟神諭師大師報告	오라클 마스터에게 보고	QUEST_JOBSTEP_20150317_001932	與神諭師大師對話	오라클 마스터와 대화	
QUEST_UNUSED_20151001_000685	已設置好淨化的羅姆巴。回去找神諭師大師。	정화의 로무바를 모두 설치했습니다. 오라클 마스터에게 돌아가세요.	QUEST_JOBSTEP_20150717_002949	請回去找神諭師大師。	오라클 마스터에게 돌아가세요.	
QUEST_UNUSED_20151001_000686	開啟寶箱	보물상자 열어 보기	QUEST_UNUSED_20150717_000286	打開寶箱	보물상자 열어보기	
QUEST_UNUSED_20151001_000687	避開石化霜消滅怪物	석화서리를 피해 몬스터 처치				
QUEST_UNUSED_20151001_000688	一打開寶箱，微弱石化霜就出現，連周圍的怪物也跑過來！避開石化霜，消滅所有怪物吧！	상자를 열자 미약한 석화서리가 나오면서 주변의 몬스터까지 달려 듭니다! 석화서리를 피해서 몬스터를 모두 처치하세요.				
QUEST_UNUSED_20151001_000689	觀察柱子	기둥 살펴 보기				
QUEST_UNUSED_20151001_000690	一進入卡魯艾平野就看到非常多的柱子，有令人印象很深刻的柱子，請靠近觀察看看。	갈르엣 평야에 들어서자마자 보이는 것은 엄청난 수의 기둥입니다. 인상 깊어 보이는 기둥이 있으니 다가가 살펴 보세요.				
QUEST_UNUSED_20151001_000691	守護柱子	기둥 지키기				
QUEST_UNUSED_20151001_000692	怪物們蜂湧而上攻擊柱子！請守護柱子。	몬스터들이 몰려와서 기둥을 공격합니다! 기둥을 지키세요.				
QUEST_UNUSED_20151001_000693	從柱子裡抖出粉末	기둥에서 가루 털어내기				
QUEST_UNUSED_20151001_000694	怪物們會湧入的理由是這黑粉看起來像食物的關係嗎？已擊退所有怪物，將柱子上的黑粉全部抖掉吧！	몬스터들이 몰려 들었던 이유는 이 검은 가루가 먹이처럼 보였기 때문이었을까요? 몬스터들을 모두 물리쳤으니 기둥에 붙어 있던 검은 가루들을 모두 털어내 봅시다.				
QUEST_UNUSED_20151001_000695	包含某人的記錄的柱子好像還有，請觀察柱子。如果有夜光蟲，就算很暗也可以閱讀柱子的字句。	누군가의 기록이 담긴 기둥이 더 있을 것 같습니다. 기둥을 살펴 보세요. 기둥의 글귀는 야광충의 빛이 있다면 어두워도 읽을 수 있을 것입니다.				
QUEST_UNUSED_20151001_000696	取得怪物油脂	몬스터 기름 구하기				
QUEST_UNUSED_20151001_000697	如果要讓夜光蟲在白天也發光需要怪物油脂。請狩獵怪物收集怪物油脂。	야광충이 낮에 빛을 내려면 몬스터 기름이 있어야 할 것 같습니다. 몬스터를 사냥하여 몬스터 기름을 모으세요.				
QUEST_UNUSED_20151001_000698	閱讀刻在柱子上的字句	기둥에 새겨진 글귀 읽기				
QUEST_UNUSED_20151001_000699	已收集好怪物油脂，帶去柱子那裡，用夜光蟲的光閱讀刻在柱子上的字句。	몬스터 기름을 모두 모았습니다. 기둥으로 가져 가서 야광충의 빛으로 기둥에 새겨진 글귀를 읽어 봅시다.				
QUEST_UNUSED_20151001_000700	消滅怪物獲得怪物油脂	몬스터를 처치하여 몬스터 기름 획득				
QUEST_UNUSED_20151001_000701	其它柱子上好像還有某人的記錄，請觀察柱子。	다른 기둥에 누군가의 기록이 더 있을 것 같습니다. 기둥들을 살펴 보세요.				
QUEST_UNUSED_20151001_000702	說出數字	숫자 말하기				
QUEST_UNUSED_20151001_000703	上頭寫著如果說出在卡魯艾平野的某處獲得的提示數字，就可以閱讀柱子的字句，靠近柱子在聊天視窗上輸入數字。	갈르엣 평야의 어딘가에서 얻은 힌트 숫자를 말하면 기둥의 글귀를 읽을 수 있다고 씌여 있는 것 같습니다. 기둥 가까이에서 채팅창에 숫자를 입력하세요.				
QUEST_UNUSED_20151001_000704	已經開始可以看見柱子上刻了什麼！請閱讀看看！	기둥에 뭔가 새겨져 있는 것이 보이기 시작했습니다! 읽어 보세요!				
QUEST_UNUSED_20151001_000705	柱子好像出現了！靠近觀察看看吧！	기둥이 나타난 듯 합니다! 다가가 살펴 보세요.				
QUEST_UNUSED_20151001_000706	補修柱子	기둥 보수 하기				
QUEST_UNUSED_20151001_000707	如果要閱讀召喚柱子的字句需要有發光苔蘚，請在周圍取得看看。但是，如果5分內沒有回來，就要等下一個柱子出現，所以請加快行動。	소환 기둥에 글귀를 읽으려면 빛나는 이끼가 필요할 것 같습니다. 주변에서 구해 보세요. 단, 5분 안에 돌아오지 않으면 기둥은 다음번 나타날 때 까지 기다려야 하니 서두르세요.				
QUEST_UNUSED_20151001_000708	閱讀柱子的字句	기둥의 글귀 읽기				
QUEST_UNUSED_20151001_000709	現在可以閱讀柱子的字句，前往柱子閱讀看看吧！	이제 기둥의 글귀를 읽을 수 있을 것 같습니다. 기둥으로 가서 읽어 보세요.				
QUEST_UNUSED_20151001_000710	其它柱子上應該還有接續這故事的其它記錄存在，請觀察柱子。	다른 기둥에는 이 이야기에 이어지는 다른 기록이 또 있을 것 같습니다. 기둥을 살펴 보세요.				
QUEST_UNUSED_20151001_000711	取回黏性液體	점성 있는 액체 구해 오기				
QUEST_UNUSED_20151001_000712	也沒有碰柱子，柱子就倒下了！需要修理柱子，從周圍常見怪物身上取回怪物的黏性液體吧！	건드리지도 않았는데 기둥이 무너져 버렸습니다. 기둥을 수리해야 할 것 같으니, 주변에 매우 흔한 몬스터의 점성 있는 액체를 구해 옵시다.				
QUEST_UNUSED_20151001_000713	修理柱子	기둥 수리하기				
QUEST_UNUSED_20151001_000714	已收集好黏性液體，現在回去補修柱子吧！	점성 있는 액체를 모두 모았습니다. 이제 돌아가서 기둥을 수리해 보세요.				
QUEST_UNUSED_20151001_000715	消滅怪物取回%s	몬스터를 처치하고 %s 구해 오기				
QUEST_UNUSED_20151001_000716	取得黏性液體	점성있는 액체 구하기				
QUEST_UNUSED_20151001_000717	剩下的故事好像寫在那個柱子上，靠近觀察看看。	나머지 이야기가 저 기둥에 씌여 있을 것 같습니다. 다가가 살펴 보세요.				
QUEST_UNUSED_20151001_000718	在柱子裡塞入碎片	기둥에 조각들 끼워 넣기				
QUEST_UNUSED_20151001_000719	將持有的紋樣碎片塞入好像正好，將碎片塞入看看。但是，如果放棄任務紋樣碎片會消失。紋樣碎片消失時，如果再前往柱子那裡，可以獲得紋樣碎片。	가지고 있던 문양 조각을 끼워 넣으면 딱 맞을 것 같습니다. 조각을 끼워 넣어 보세요. 단, 퀘스트를 포기하면 문양 조각이 사라집니다. 문양 조각이 사라졌을 때에는 다시 기둥들로 가면 문양 조각을 얻을 수 있습니다.				
QUEST_UNUSED_20151001_000720	將持有的紋樣碎片塞入好像正好，將碎片塞入看看。	가지고 있던 문양 조각을 끼워 넣으면 딱 맞을 것 같습니다. 조각을 끼워 넣어 보세요.				
QUEST_UNUSED_20151001_000721	請和尤拉泰繼續進行和聖物有關的對話。	유라테와 성물에 대한 대화를 계속 해 보세요.				
QUEST_UNUSED_20151001_000722	前來挖掘聖物	성물 발굴해 오기				
QUEST_UNUSED_20151001_000723	前往用探索棒找到的地方，並試著小心挖掘聖物。	탐색봉으로 찾아 낸 곳으로 가서 조심스럽게 성물을 발굴해 보세요.				
QUEST_UNUSED_20151001_000724	跟尤拉泰報告	유라테에게 보고				
QUEST_UNUSED_20151001_000725	好像找到聖物了。請拿去給尤拉泰。	성물을 찾은 것 같습니다. 유라테에게 가져다 주세요.				
QUEST_UNUSED_20151001_000726	葳荷米娜凱利奧特目不轉睛地看著你所持有的東西。請和葳荷米娜凱利奧特對話。	빌헬미나 캐리어트가 당신이 가지고 있는 것을 뚫어지게 쳐다보고 있습니다. 빌헬미나 캐리어트와 대화해 보세요.	QUEST_UNUSED_20150717_000290	請和葳荷米娜凱利奧特對話	빌헬미나 캐리어트와 대화하세요	
QUEST_UNUSED_20151001_000727	收集露克立斯的部隊印章和羊皮紙文件	루클리스의 부대 인장과 양피지 문서 수집	QUEST_UNUSED_20150717_000291	取得露克立斯的部隊印章、羊皮紙文件	루클리스의 부대 인장, 양피지 문서 구하기	
QUEST_UNUSED_20151001_000728	葳荷米娜凱利奧特想要有更多的材料，到大地要塞取得值得的情報。	빌헬미나 캐리어트는 좀 더 많은 자료들을 원하고 있습니다. 대지의 요새에서 정보가 될 만한 것들을 구하세요.	QUEST_UNUSED_20150717_000292	請在大地要塞尋找利於情報的物品。	대지의 요새에서 정보가 될 만한 물건들을 구하세요.	
QUEST_UNUSED_20151001_000729	轉交給葳荷米娜凱利奧特	빌헬미나 캐리어트에게 전달				
QUEST_UNUSED_20151001_000730	這程度葳荷米娜凱利奧特應該會滿足，請轉交給葳荷米娜凱利奧特。	이 정도면 빌헬미나 캐리어트가 만족할 것 같습니다. 빌헬미나 캐리어트에게 전해주세요.	QUEST_UNUSED_20150717_000290	請和葳荷米娜凱利奧特對話	빌헬미나 캐리어트와 대화하세요	
QUEST_UNUSED_20151001_000731	和露克立斯部隊士兵靈魂對話	루클리스 부대 병사 영혼과 대화				
QUEST_UNUSED_20151001_000732	請和露克立斯部隊士兵靈魂對話。	루클리스 부대 병사 영혼과 대화하세요				
QUEST_UNUSED_20151001_000733	吹響號角並告知靈魂們撤退命令	나팔을 불어 영혼들에게 퇴각 명령 알리기				
QUEST_UNUSED_20151001_000734	請吹響號角並告知露克立斯部隊士兵靈魂們撤退命令。	나팔을 불어 루클리스 부대 병사 영혼들에게 퇴각 명령 알리세요.				
QUEST_UNUSED_20151001_000735	和祭司伊魯瑪對話	사제 이르마와 대화				
QUEST_UNUSED_20151001_000736	亞夏克地牢3樓的祭司伊魯瑪正在等待某人的幫助。	아샤크 지하 감옥 3층의 사제 이르마가 누군가의 도움을 기다리고 있습니다				
QUEST_UNUSED_20151001_000737	一進入到隱居地，魔君主馬魯若斯突然襲擊了！	은거지에 들어가자 마군주 마르녹스가 급습했습니다!				
QUEST_UNUSED_20151001_000738	已消滅魔君主馬魯若斯。請和祭司伊魯瑪對話。	마군주 마르녹스를 처치했습니다. 사제 이르마와 대화하세요.				
QUEST_UNUSED_20151001_000739	消滅魔君主馬魯若斯	마군주 마르녹스 처치				
QUEST_UNUSED_20151001_000740	已採集石頭！	돌을 채취했습니다!				
QUEST_UNUSED_20151001_000741	什麼也得不到。	아무것도 얻지 못했습니다				
QUEST_UNUSED_20161118_000742	委託石	의뢰석				
QUEST_UNUSED_20161118_000743	我們魔法協會為了研究各地區的怪物，而在收集怪物的標本。{nl}希望你可以多參與。	저희 마법협회에서는 각 지역의 몬스터를 연구하기 위해 몬스터의 표본을 수집하고 있습니다.{nl}많은 참여 부탁드립니다.				의뢰석
QUEST_UNUSED_20161118_000744	收集回來的材料魔法協會將會珍惜地研究。{nl}非常謝謝你的協助。	모아 주신 표본은 마법 협회에서 소중히 연구하도록 하겠습니다.{nl}협조해 주셔서 감사합니다.				의뢰석
QUEST_UNUSED_20161118_000745	雖然了解你的熱情，但實力如何呢?{nl}從魔法師之塔帶回畢拉空的碎片和綠色德雷克的鱗片吧。	열의는 알겠지만 실력은 어떨까?{nl}마법사의 탑에서 피라콘의 조각과 초록 드레이크의 비늘을 가져오는 거야.	QUEST_JOBSTEP_20150317_000253	我知道你的熱忱了，但你的能耐如何呢？{nl}從魔法師之塔把畢拉空的碎片和綠色德雷克的鱗片帶來給我吧。	열의는 알겠다만 실력은 어떨까?{nl}마법사의 탑에서 피라콘의 조각과 초록 드레이크의 비늘을 가져오는 거야.	위저드 마스터
QUEST_UNUSED_20161118_000746	如果施術者的靈魂未經鍛鍊，會被死靈法師咒術的邪惡氣息侵蝕。{nl}跟我戰鬥，證明你的靈魂有多強。	네크로맨서의 주술은 술자의 영혼이 단련되지 않으면 사악한 기운에 잠식되어 버려.{nl}그대의 영혼이 얼마나 강한지 나와 싸워서 증명해 봐.	QUEST_JOBSTEP_20150317_000274	如果施術者的靈魂未經鍛鍊，會被死靈法師咒術的邪惡氣息侵蝕。{nl}跟我戰鬥，證明你的靈魂有多強。	네크로맨서의 주술은 술자의 영혼이 단련되지 않으면 사악한 기운에 잠식되어 버린다.{nl}그대의 영혼이 얼마나 강한지 나와 싸워서 증명해 봐.	네크로맨서 마스터
QUEST_UNUSED_20161118_000747	這些就是樣品啊。這樣就能滿足交易條件了。{nl}很好。我會負責讓你變得更強。	이게 그 샘플들이군. 이걸로 거래 조건은 충족됐어.{nl}좋아. 내가 책임지고 널 더 강하게 만들어 주지.	QUEST_JOBSTEP_20150317_000385	這些就是樣品啊。這樣就能滿足交易條件了。{nl}很好，我就負責讓你變強吧。	이게 그 샘플들이군. 이걸로 거래 조건은 충족됐어.{nl}좋아. 내가 책임지고 널 더 강하게 만들어 주지. 	레인저 마스터
QUEST_UNUSED_20161118_000748	身為聖火祭司當然會想登上更高的境界，去膜拜一下佩迪米安的女神像再回來找我。{nl}聖地巡禮不就是盡全力做對女神應盡義務的必經過程嗎？	크리비로서 더 높은 경지에 오르고 싶거든 페디미안의 여신상에 경배를 드리고 오게.{nl}성지순례야말로 여신께 의무를 다하는 통과의례 아니겠는가.	QUEST_JOBSTEP_20150317_000479	如果你想以聖火祭司的身分達到更高的境界，就先去膜拜佩迪米安的女神像再來找我。{nl}參拜聖地才是對女神盡義務的必經程序。	크리비로써 더 높은 경지에 오르고 싶거든 페디미안의 여신상에 경배를 드리고 오게.{nl}성지순례야말로 여신께 의무를 다하는 통과의례 아니겠는가.	크리비 마스터
QUEST_UNUSED_20161118_000749	我有個委託絕對不想被鎖鏈法師大師搶走。{nl}如果你替忙碌的我處理那件委託，我就教你念力的運用方法。怎麼樣？	링커 마스터에게 절대로 빼앗기고 싶지 않은 의뢰가 있네.{nl}자네가 바쁜 나 대신 그 의뢰를 처리해준다면 초능력의 운용법에 대해 가르쳐 주지. 어떤가?	QUEST_JOBSTEP_20150317_000595	我有個委託絕對不想被鎖鏈法師大師搶走。{nl}如果你替忙碌的我處理那件委託，我就教你念力的運用方法。怎麼樣？	링커 마스터에게 절대로 빼앗기고 싶지 않은 의뢰가 있네.{nl}자네가 바쁜 나 대신 그 의뢰를 처리해준다면 염력의 운용법에 대해 가르쳐 주지. 어떤가?	사이코키노 마스터
QUEST_UNUSED_20161118_000750	厲害！{nl}現在別管鎖鏈法師大師了，我們來聊聊念力吧。	훌륭하군!{nl}링커 마스터는 이제 내버려두고, 우린 초능력에 대해 심도있는 대화나 나눠보세.	QUEST_JOBSTEP_20150317_000598	厲害！{nl}現在別管鎖鏈法師大師了，我們來聊聊念力吧。	훌륭하군!{nl}링커 마스터는 이제 내버려두고, 우린 염력에 대해 심도있는 대화나 나눠보세.	사이코키노 마스터
QUEST_UNUSED_20161118_000751	拿著鑰匙的幽靈范托應該就在周圍…{nl}真奇怪呢。	열쇠를 가진 할로우벤터가 주변에 있을 텐데..{nl}이상하군요.	QUEST_UNUSED_20150317_000066	應該就在持有鑰匙的幽靈范托附近啊… {nl}真奇怪！	열쇠을 가진 할로우벤터가 주변에 있을 텐데..{nl}이상하군요.	우울한 부엉이 조각상
QUEST_UNUSED_20161118_000752	果然不能小看。沒有受傷吧。{nl}下一個碑文就在前往迪基內岔路的路上。	역시 만만치 않군요. 다친 곳은 없으신지요.{nl}다음 비문은 디키네 갈림길로 가는 길에 있습니다.	QUEST_LV_0100_20150317_001860	有沒有受傷呢？{nl}下一個碑文在前往迪基內岔路的路上。	다친 곳은 없으신지요.{nl}다음 비문은 디키네 갈림길로 가는 길에 있습니다.	사학자 렉시퍼
QUEST_UNUSED_20161118_000753	在接受我的指導之前，我能幫助你體會實戰的感覺。{nl}	내게 가르침을 받기 전에 실전의 느낌이란 게 어떤 것인지 내가 도와줄 수도 있겠구나.{nl}	QUEST_JOBSTEP_20150317_000648	{nl}在接受我的指導之前，我能幫助你體會實戰的感覺。{nl}	{nl}내게 가르침을 받기 전에 실전의 느낌이란 게 어떤 것인지 내가 도와줄 수도 있겠구나.{nl}	소드맨 마스터
QUEST_UNUSED_20161118_000754	我以為要花一點時間，動作挺快的嘛。{nl}我們不是師徒關係而是戰友關係，請多多指教。	시간이 꽤 걸리리라 생각했는데 생각했던 것보다 더 뛰어나시군요.{nl}스승과 제자가 아닌 전우로서, 잘 부탁드립니다.	QUEST_JOBSTEP_20150317_000660	原本以為會花很多時間，沒想到你這麼厲害。{nl}我要撇除師生之間的關係，以戰友的身分請你多多指教。	시간이 꽤 걸리리라 생각했는데 생각했던 것보다 더 뛰어나시군요.{nl}스승과 제자가 아닌 전우로써, 잘 부탁드립니다.	하플라이트 마스터
QUEST_UNUSED_20161118_000755	只要能擁有石化都市中心街道上生猛的原木，什麼我都答應你…{nl}例如教導讓你成為雕刻師之類的。	석화된 도시의 중심 시가에 있는 늠름한 원목만 가질 수 있다면 뭐든 들어줄 텐데..{nl}가령 딥디르비의 가르침이라든가 말이오.	QUEST_JOBSTEP_20150317_000690	如果我能擁有石化城市中心街道的實心原木，我什麼都答應你…{nl}比方說雕刻師的指導之類的。	석화된 도시의 중심 시가에 있는 늠름한 원목만 가질 수 있다면 뭐든 들어줄 텐데..{nl}가령 딥디르비의 가르침이라던가 말이오.	조각가 테슬라
QUEST_UNUSED_20161118_000756	外城壁的裝置很多都很危險。{nl}若是怪物們不小心碰到而運轉會發生問題的，真是令人擔心。	외성벽의 장치들은 위험한 것들이 많아요.{nl}혹시라도 몬스터들이 잘못 건드려서 오작동하면 큰 문제가 될 수도 있어서 걱정이에요.				큐폴 밀다
QUEST_UNUSED_20161118_000757	真的嗎？{nl}鬆了一口氣。	정말인가요?{nl}한시름 놓겠네요.				큐폴 밀다
QUEST_UNUSED_20161118_000758	在這裡調查讓人膽顫心驚。	여길 조사하면서도 엄청 조마조마했거든요.				큐폴 밀다
QUEST_UNUSED_20161118_000759	幸好。{nl}這些應該是沒問題了。	다행이에요.{nl}이걸로 일단 문제없겠죠.				큐폴 밀다
QUEST_UNUSED_20161118_000760	怎麼會…怪物躲起來了啊。{nl}即便如此還能平安回來真是太幸運了。	그럴수가.. 몬스터가 숨어있었군요.{nl}그래도 무사하시니 정말 다행입니다.	QUEST_LV_0200_20150414_006760	怎麼會… 原來是有怪物躲藏著。{nl}不過幸好你沒事。	그럴수가... 몬스터가 숨어있었군요.{nl}그래도 무사하시니 정말 다행입니다.	사제 라엘리에
QUEST_UNUSED_20161118_000761	那小子居然暈過去了..{nl}看來啟示者你比我想像的更強阿。真佩服。{nl}若是與啟示者你一起，我看修復修道院也輕而易舉了吧。	그 녀석을 쓰러뜨리실 줄이야..{nl}계시자님은 제 생각 이상으로 강력한 분이시로군요. 감탄했습니다.{nl}계시자님과 함께라면 수도원 수복도 손쉬운 일이 아닐까 싶군요.	QUEST_UNUSED_20150714_000243	我以為你會打倒那傢伙呢…{nl}啟示者比我想的還要強大呢！令人讚嘆！{nl}如果跟啟示者一起並肩作戰的話收復首都應該不是甚麼難事吧！	그 녀석을 쓰러뜨리실 줄이야...{nl}계시자님은 제 생각 이상으로 강력한 분이시로군요. 감탄했습니다.{nl}계시자님과 함께라면 수도원 수복도 손쉬운 일이 아닐까 싶군요.	수도사 제프리
QUEST_UNUSED_20161118_000762	魔法協會的收集委託	마법협회의 수집 의뢰				
QUEST_UNUSED_20161118_000763	協助吧	협조하도록 하자	QUEST_LV_0100_20150317_002398	同意	수락	
QUEST_UNUSED_20161118_000764	好像沒有幫忙的空閒。	도울 여유는 없을 것 같다	QUEST_LV_0200_20150317_001850	拒絕	거부	
QUEST_UNUSED_20161118_000765	保管室可疑的秘密裝置	보관실의 수상한 비밀 장치				
QUEST_UNUSED_20161118_000766	囚犯的信件(2)	죄수의 편지(2)				
QUEST_UNUSED_20161118_000767	外城壁核心回收作戰(1)	외성벽 코어 회수 작전(1)				
QUEST_UNUSED_20161118_000768	正在和其他奎波爾們說調查的內容	다른 큐폴들과 조사한 내용 이야기 중				
QUEST_UNUSED_20161118_000769	怪物們好像非常具威脅性的樣子	몬스터들이 굉장히 위협적인 모양이라고 한다				
QUEST_UNUSED_20161118_000770	一點也不危險	별로 위험하지 않다고 한다				
QUEST_UNUSED_20161118_000771	外城壁的證據保存	외성벽의 증거 보존				
QUEST_UNUSED_20161118_000772	在那之前一起逃吧	그전에 도망가자고 한다				
QUEST_UNUSED_20161118_000773	確認委託石	의뢰석 확인	QUEST_UNUSED_20150918_000392	與收集商家對話	수집상과 대화	
QUEST_UNUSED_20161118_000774	請確認魔法協會的委託石。	마법협회의 의뢰석을 확인해 보세요.	QUEST_UNUSED_20150918_000392	與收集商家對話	수집상과 대화	
QUEST_UNUSED_20161118_000775	獲得怪物標本	몬스터 표본 획득	QUEST_UNUSED_20150918_000393	獲得收藏品	수집품 획득	
QUEST_UNUSED_20161118_000776	魔法協會的委託石為了怪物研究，請求收集怪物的標本。請消滅周圍的怪物，並從怪物那裡收集可以獲得的部位。	마법 협회의 의뢰석은 몬스터 연구를 위해 몬스터의 표본을 수집해 달라는 내용이었습니다. 주변의 몬스터를 처치하여 몬스터에게서 얻을 수 있는 부위들을 수집해 보세요.	QUEST_UNUSED_20150918_000393	獲得收藏品	수집품 획득	
QUEST_UNUSED_20161118_000777	向委託石報告	의뢰석에 보고	QUEST_UNUSED_20150918_000392	與收集商家對話	수집상과 대화	
QUEST_UNUSED_20161118_000778	這程度，應該已經充份收集怪物的標本了。請回去到委託石那吧。	이 정도면 몬스터의 표본을 충분히 수집한 것 같습니다. 의뢰석에 가져가세요.	QUEST_UNUSED_20150918_000392	與收集商家對話	수집상과 대화	
QUEST_UNUSED_20161118_000779	和重裝步兵次級大師對話	하플라이트 서브 마스터와 대화				
QUEST_UNUSED_20161118_000780	請去找夏奧雷伊西邊森林的重裝步兵次級大師。	샤울레이 서쪽 숲에 있는 하플라이트 서브 마스터를 찾아가세요.	QUEST_JOBSTEP_20150317_001225	請去找夏奧雷伊西邊森林的重裝步兵大師。	샤울레이 서쪽 숲에 있는 하플라이트 마스터를 찾아가세요.	
QUEST_UNUSED_20161118_000781	首先越過夏奧雷伊礦山村莊，經過斯拉屋塔斯峽谷和凱利高原，進入泰內聖堂。 為了證明你變強的決心，請到泰內聖堂地下1層取得葛利查頓的皮革，地上1層取得卡露克的獠牙，然後到地上2層取得伊諾溫的黑粉給我。	먼저 샤울레이 광산 마을 너머의 스라우타스 협곡을 지나 겔리 고원을 거쳐 테넷 성당 안으로 진입하세요. 그 다음 강해지고자 하는 다짐의 증명을 위해 테넷 성당 지하 1층의 글리자돈의 가죽, 지상 1층의 갈록의 송곳니, 지상 2층의 이노움의 검은가루를 구해 오세요.	QUEST_JOBSTEP_20150323_002334	為了證明想變強的決心，請帶回泰內聖堂地下1層的葛利查頓的皮革、地上1層的卡露克的獠牙、地上2層的伊諾溫的黑粉。	강해지고자 하는 다짐의 증명을 위해 테넷 성당 지하 1층의 글리자돈의 가죽, 지상 1층의 갈록의 송곳니, 지상 2층의 이노움의 검은가루를 구해 오세요.	
QUEST_UNUSED_20161118_000782	證明想變強的決心所需的材料已經全部收集到了。請回去找重裝步兵次級大師。	강해지고자 하는 마음가짐의 증명에 필요한 재료를 모두 모았습니다. 하플라이트 서브 마스터에게 돌아가 보세요.	QUEST_JOBSTEP_20150317_001228	證明想變強的決心所需的材料已經全部收集到了。請回去找重裝步兵大師。	강해지고자 하는 마음가짐의 증명에 필요한 재료를 모두 모았습니다. 하플라이트 마스터에게 돌아가 보세요.	
QUEST_UNUSED_20161118_000783	與念力法師次級大師對話	사이코키노 서브 마스터와 대화				
QUEST_UNUSED_20161118_000784	請去找夏奧雷伊礦山村莊的念力法師次級大師。	샤울레이 광산 마을에 있는 사이코키노 서브 마스터를 찾아가세요.	QUEST_JOBSTEP_20150317_001230	請去找夏奧雷伊礦山村莊的念力法師大師。	샤울레이 광산 마을에 있는 사이코키노 마스터를 찾아가세요.	
QUEST_UNUSED_20161118_000785	念力法師大師勸你如果對這領域很有興趣的話，要不要先當他的助手。先幫念力法師大師帶來他所需要的荊棘心山溝的梅修花怪身上的花蕊。	사이코키노 서브 마스터는 이 분야에 관심이 있다면 잠시 자신의 조수가 되어 보는 것을 권했습니다. 스라우타스 협곡을 지나 겔리 고원을 거쳐 테넷 성당 지하 1층까지 가세요. 그 다음 사이코키노 서브 마스터가 필요로 하는 데스모두스의 꼬리침을 구해 오세요.	QUEST_JOBSTEP_20150729_003031	念力法師大師勸你如果對這領域很有興趣的話，要不要先當他的助手。請在泰內聖堂地下1層取得念力法師大師所需的死亡魔特斯的尾針。	사이코키노 마스터는 이 분야에 관심이 있다면 잠시 자신의 조수가 되어 보는 것을 권했습니다. 사이코키노 마스터가 필요로 하는 테넷 성당 지하 1층에서 데스모두스의 꼬리침을 구해 오세요.	
QUEST_UNUSED_20161118_000786	轉交給念力法師次級大師	사이코키노 서브 마스터에게 전달	QUEST_JOBSTEP_20150317_001233	轉交給念力法師大師	사이코키노 마스터에게 전달	
QUEST_UNUSED_20161118_000787	已取得足夠的死亡魔特斯的尾針。請回去交給念力法師次級大師。	데스모두스의 꼬리침을 충분히 구했습니다. 사이코키노 서브 마스터에게 돌아가 전해 주세요.	QUEST_JOBSTEP_20150729_003032	已取得足夠的死亡魔特斯的尾針。請回去交給念力法師大師。	데스모두스의 꼬리침을 충분히 구했습니다. 사이코키노 마스터에게 돌아가 전해 주세요.	
QUEST_UNUSED_20161118_000788	和鎖鏈法師次級大師對話。	링커 서브 마스터와 대화				
QUEST_UNUSED_20161118_000789	請去找夏奧雷伊礦山村莊的鎖鏈法師次級大師。	샤울레이 광산 마을에 있는 링커 서브 마스터를 찾아가세요.	QUEST_JOBSTEP_20150317_001241	請去找夏奧雷伊礦山村莊的鎖鏈法師大師。	샤울레이 광산 마을에 있는 링커 마스터를 찾아가세요.	
QUEST_UNUSED_20161118_000790	鎖鏈法師次級大師非常著重敞開人心的鎖鏈法師的天賦。看出鎖鏈法師的天賦需要經過考驗，請在泰內聖堂地上1層把考驗所需的寇利羅斯之核與卡露克的血帶回。	링커 서브 마스터는 사람의 마음을 여는 링커의 자질을 굉장히 강조하고 있습니다. 우선 스라우타스 협곡을 지나 겔리 고원을 거쳐 테넷 성당까지 진입하세요. 그 후 링커의 자질을 알아보는 시험에 필요한 코릴러스의 핵과 갈록의 피를 테넷 성당 지상 1층에서 구해 오세요.	QUEST_JOBSTEP_20150323_002339	鎖鏈法師大師非常著重敞開人心的鎖鏈法師的天賦。看出鎖鏈法師的天賦需要經過考驗，請在泰內聖堂地上1層把考驗所需的寇利羅斯之核與卡露克的血帶回。	링커 마스터는 사람의 마음을 여는 링커의 자질을 굉장히 강조하고 있습니다. 링커의 자질을 알아보는 시험에 필요한 코릴러스의 핵과 갈록의 피를 테넷 성당 지상 1층에서 구해 오세요.	
QUEST_UNUSED_20161118_000791	轉交材料給鎖鏈法師次級大師	링커 서브 마스터에게 재료 전달	QUEST_JOBSTEP_20150317_001244	把材料交給鎖鏈法師大師	링커 마스터에게 재료 전달	
QUEST_UNUSED_20161118_000792	已收集到考驗所需的所有材料了。請把材料轉交給鎖鏈法師次級大師。	시험에 필요한 모든 재료를 구했습니다. 링커 서브 마스터에게 재료를 전달해 주세요.	QUEST_JOBSTEP_20150317_001245	已取得所有考驗所需的材料。請把材料交給鎖鏈法師大師。	시험에 필요한 모든 재료를 구했습니다. 링커 마스터에게 재료를 전달해 주세요.	
QUEST_UNUSED_20161118_000793	已消滅 肆意破壞貓頭鷹雕像的王座大蜘蛛。請再與悲傷的貓頭鷹對話。	부엉이 조각상을 마구 파괴하고 다니는 쓰론위버를 처치했습니다. 슬픈 부엉이와 다시 대화해 보세요.	QUEST_LV_0200_20150317_002203	已消滅亂破壞貓頭鷹雕像的王座大蜘蛛。請再次與悲傷的貓頭鷹進行對話。	부엉이 조각상을 마구 파괴하고 다니는 쓰론위버을 처치했습니다. 슬픈 부엉이와 다시 대화해 보세요.	
QUEST_UNUSED_20161118_000794	為了國民和盾牌的劍[高地戰士轉職]	국민과 방패를 위한 검[하이랜더 전직]				
QUEST_UNUSED_20161118_000795	飛禽的妨礙[輕裝步兵轉職]	날짐승의 방해[펠타스타 전직]				
QUEST_UNUSED_20161118_000796	雖然高地戰士大師好像很抱歉，但不能退縮。重新和高地戰士大師對話。	하이랜더 마스터는 무척 미안한 듯 하지만, 물러설 수 없습니다. 하이랜더 마스터와 다시 대화해 보세요.	QUEST_JOBSTEP_20150317_001693	雖然高地戰士大師的眼神似乎充滿歉意，但不能退讓。請再次與高地戰士大師對話。	하이랜더 마스터는 무척 미안해하는 눈치인듯 합니다만, 물러설 수 없습니다. 하이랜더 마스터와 다시 대화해 보세요.	
QUEST_UNUSED_20161118_000797	第一支箭[弓箭手轉職]	첫 번째 화살[아처 전직]				
QUEST_UNUSED_20161118_000798	治療師之路[牧師轉職]	치유사의 길[클레릭 전직]				
QUEST_UNUSED_20161118_000799	永遠的敬拜[聖火祭司轉職]	영원한 경배[크리비 전직]				
QUEST_UNUSED_20161118_000800	法師大師似乎對於附近被怪物盤據卻沒有任何人要出面的情況感到相當不滿。請前往夏奧雷伊東邊森林消滅鋼鐵巴溫。	위저드 마스터는 근처에 몬스터들의 위험이 도사리는데도 아무도 나서지 않는 행태에 불만이 많은 것 같습니다. 샤울레이 동쪽 숲으로 가서 아이언바움을 처치하세요.	QUEST_JOBSTEP_20150317_002147	附近充斥著怪物的危機卻沒有任何人出面，魔法師大師似乎對此感到非常不滿。請前往夏奧雷伊東邊森林消滅鋼鐵巴溫。	위자드 마스터는 근처에 몬스터들의 위험이 도사리는데도 아무도 나서지 않는 행태에 불만이 많은 것 같습니다. 샤울레이 동쪽 숲으로 가서 아이언바움을 처치하세요.	
QUEST_UNUSED_20161118_000801	確認前往第1保管倉庫路上的秘密裝置	제1 보관창고로 가는 길에 있는 비밀 장치 확인				
QUEST_UNUSED_20161118_000802	前往第1保管倉庫的路上有一秘密裝置。這次稍微觀察一下是什麼裝置吧。	제1 보관창고로 가는 길에 비밀 장치가 있습니다. 이번엔 어떤 장치인지 한 번 살펴보세요.				
QUEST_UNUSED_20161118_000803	破壞秘密裝置周邊出現的冰結水晶	비밀 장치 주변에 나타난 빙결 수정 파괴				
QUEST_UNUSED_20161118_000804	這秘密裝置是個陷阱。請破壞所有出現在周邊的冰結水晶！	이 비밀 장치는 함정이었습니다. 주변에 나타난 빙결 수정을 모두 파괴하세요!				
QUEST_UNUSED_20161118_000805	外城壁核心回收作戰	외성벽 코어 회수 작전				
QUEST_UNUSED_20161118_000806	和奎波爾密爾達對話	큐폴 밀다와 대화				
QUEST_UNUSED_20161118_000807	看來得要調查一下外城壁的核心，到外城壁第9區域找奎波爾密爾達。	아무래도 외성벽에 있다는 코어에 대해 조사해봐야 할 것 같습니다. 외성벽 제 9구역에 있는 큐폴 밀다를 찾아가세요.				
QUEST_UNUSED_20161118_000808	奎波爾密爾達說核心有多重保護，而且怪物多又具攻擊性，這件事不太容易處理。為了安全的調查，請消滅周圍的怪物。	큐폴 밀다는 코어가 다중으로 보호되고 있는 데다 어쩐지 몬스터들이 많고 공격적이어서 일이 쉽지 않다고 합니다. 안전한 조사를 위해 주변의 몬스터를 처치하세요.				
QUEST_UNUSED_20161118_000809	周圍的怪物已消滅至某種程度，回去找奎波爾密爾達。	주변의 몬스터를 어느정도 정리했습니다. 큐폴 밀다에게 돌아가세요.				
QUEST_UNUSED_20161118_000810	奎波爾密爾達好像有話要說，和奎波爾密爾達對話。	큐폴 밀다가 할 말이 있는 것 같습니다. 큐폴 밀다와 대화해보세요.				
QUEST_UNUSED_20161118_000811	消滅外城壁第9區域的怪物	외성벽 제 9구역의 몬스터 처치				
QUEST_UNUSED_20161118_000812	奎波爾密爾達說如果怪物不小心誤觸外城壁的裝置而導致裝置運轉會很危險，請在問題發生之前消滅怪物。	큐폴 밀다는 외성벽의 장치들을 몬스터가 잘못 건드려서 오작동하게 되면 위험하다고 합니다. 문제를 일으키기 전에 몬스터를 처치하세요.				
QUEST_UNUSED_20161118_000813	跟奎波爾密爾達報告	큐폴 밀다에게 보고				
QUEST_UNUSED_20161118_000814	已充份消滅怪物，請告訴奎波爾密爾達。	몬스터를 충분히 처치했습니다. 큐폴 밀다에게 말해주세요.				
QUEST_UNUSED_20161118_000815	請繼續有關梅麗莎和聖物的對話。	메리사와 성물에 대한 대화를 계속 해 보세요.	QUEST_UNUSED_20151001_000721	請和尤拉泰繼續進行和聖物有關的對話。	유라테와 성물에 대한 대화를 계속 해 보세요.	
QUEST_UNUSED_20161118_000816	好像找到聖物了。請拿去給梅莉莎。	성물을 찾은 것 같습니다. 메리사에게 가져다 주세요.	QUEST_UNUSED_20151001_000725	好像找到聖物了。請拿去給尤拉泰。	성물을 찾은 것 같습니다. 유라테에게 가져다 주세요.	
QUEST_UNUSED_20170113_000817	閔希豪森男爵	뮌히하우젠 남작				
QUEST_UNUSED_20170113_000818	哈哈，看來是聽聞我的名聲而來的！{nl}沒錯，我就是那有名的閔希豪森男爵！{nl}	오호라. 내 명성을 듣고 찾아왔나 보군!{nl}그래, 바로 내가 바로 그 유명한 뮌히하우젠 남작이라네!{nl}				뮌히하우젠 남작
QUEST_UNUSED_20170113_000819	你來應該是想成為弟子？{nl}但是像我這麼偉大的終結者可不隨便收人。{nl}	제자가 되고 싶어서 찾아왔겠지?{nl}하지만 나같이 위대한 해결사는 아무나 받아주지 않는다네.{nl}				뮌히하우젠 남작
QUEST_UNUSED_20170113_000820	嗯，不過若你真的想當弟子，倒是可以給你機會。{nl}	흠, 하지만 자네가 정 원한다면 기회를 주도록 하지.{nl}				뮌히하우젠 남작
QUEST_UNUSED_20170113_000821	不需要害羞，年輕人。{nl}簡單給我看看你的實力就行了。{nl}	부끄러워 할 필요는 없다네, 젊은이.{nl}간단하게 실력을 보이면 될 일이야.{nl}				뮌히하우젠 남작
QUEST_UNUSED_20170113_000822	聽說最近夏奧雷伊東部森林有幽靈在搗蛋。{nl}當然幽靈退散也是我的專長之一，這次就把機會給你吧。{nl}	최근 샤울레이 동쪽 숲에서 유령이 장난친다는 소문이 있네.{nl}물론 유령 퇴치라고 하면 내 특기중 하나이네만, 자네에게 기회를 주도록 하지.{nl}				뮌히하우젠 남작
QUEST_UNUSED_20170113_000823	士兵們為了補給，在東部森林各個補給地放了箱子。{nl}但箱子裡的東西卻神不知鬼不覺地消失了，這一定是幽靈作的！{nl}	동쪽 숲에 가면 병사들의 보급을 위해 보급지 곳곳에 상자가 있을 걸세.{nl}그 상자안의 내용물만 감쪽같이 사라진다는데, 이건 필시 소문대로 유령의 소행이야!{nl}				뮌히하우젠 남작
QUEST_UNUSED_20170113_000824	給你這靈驗的粉末，把它們灑在箱子內就能趕出幽靈。{nl}我在這裡等你。	이 영험한 가루를 줄테니 가루를 뿌려 상자에 깃든 유령을 물리치고 돌아도록 하게나.{nl}기대함세.				뮌히하우젠 남작
QUEST_UNUSED_20170113_000825	嗯，真期待年輕人的實力啊！	자, 젊은이의 실력을 기대하겠네!				뮌히하우젠 남작
QUEST_UNUSED_20170113_000826	回來了？{nl}怎麼樣，幽靈都退散了嗎？{nl}	다녀왔는가?{nl}어때, 유령은 잘 퇴치하였나?{nl}				뮌히하우젠 남작
QUEST_UNUSED_20170113_000827	你說出現了韋伯？{nl}哈哈，是幽靈作的沒錯啊！{nl}	위버가 나왔다구?{nl}하하, 유령의 소행이 맞구만!{nl}				뮌히하우젠 남작
QUEST_UNUSED_20170113_000828	因為我靈驗的粉末變弱的幽靈叫出怪物就逃了呢！{nl}第一次考驗順利通過了，年輕人！{nl}	나의 영험한 가루에 약해진 유령이 몬스터를 부르고 달아난 걸세!{nl}첫 시험을 잘 통과했군 젊은이!{nl}				뮌히하우젠 남작
QUEST_UNUSED_20170113_000829	能通過偉大的終結者閔希豪森的考驗真了不起！	이 위대한 해결사 뮌히하우젠님의 시험을 통과하다니 대단허이!				뮌히하우젠 남작
QUEST_UNUSED_20170522_000830	雖然了解你的熱情，但實力如何呢?{nl}從魔法師之塔帶回畢拉空的碎片和紅色礦石龜的外殼碎片吧。	열의는 알겠지만 실력은 어떨까?{nl}마법사의 탑에서 피라콘의 조각과 붉은 인프로 락터 껍질 조각을 가져오는 거야.	QUEST_UNUSED_20161118_000745	雖然了解你的熱情，但實力如何呢?{nl}從魔法師之塔帶回畢拉空的碎片和綠色德雷克的鱗片吧。	열의는 알겠지만 실력은 어떨까?{nl}마법사의 탑에서 피라콘의 조각과 초록 드레이크의 비늘을 가져오는 거야.	위저드 마스터
QUEST_UNUSED_20170522_000831	法師大師最重視努力。請在魔法師之塔收集法師大師想要的畢拉空的碎片跟紅色礦石龜的外殼碎片吧！	위저드 마스터는 무엇보다도 노력을 가장 중요시 여긴다고 합니다. 마법사의 탑에서 위저드 마스터가 원하는 재료인 피라콘의 조각과 붉은 인프로 락터 껍질 조각을 모아 주세요.	QUEST_JOBSTEP_20150317_001505	法師大師最重視努力。請在魔法師之塔收集法師大師想要的材料─畢拉空的碎片和綠色德雷克的鱗片。	위저드 마스터는 무엇보다도 노력을 가장 중요시 여긴다고 합니다. 마법사의 탑에서 위저드 마스터가 원하는 재료인 피라콘의 조각과 초록 드레이크의 비늘을 모아 주세요.	
QUEST_UNUSED_20170522_000832	紅色礦石龜的外殼碎片	붉은 인프로 락터 껍질 조각				
QUEST_UNUSED_20170522_000833	使用大教堂懺悔路挑撥用寶珠	대성당 참회로에서 도발용 보주 사용	QUEST_JOBSTEP_20150317_001670	在大教堂的懺悔路使用挑釁用寶珠	대성당의 참회로에서 도발용 보주 사용	
QUEST_UNUSED_20170522_000834	劍士大師很重視能夠保護同伴的勇氣。請在大教堂的懺悔路用挑釁用寶珠挑釁怪物後將牠消滅。	소드맨 마스터는 동료를 지켜줄 수 있는 용기를 중요시하고 있습니다. 대성당 참회로에서 도발용 보주로 몬스터를 도발한 후 처치하세요.	QUEST_JOBSTEP_20150317_001671	劍士大師很重視能夠保護同伴的勇氣。請在大教堂的懺悔路用挑釁用寶珠挑釁怪物後將之消滅。	소드맨 마스터는 동료를 지켜줄 수 있는 용기를 중요시하고 있습니다. 대성당의 참회로에서 도발용 보주로 몬스터를 도발한 후 처치하세요.	
QUEST_UNUSED_20170522_000835	在大教堂的懺悔路收集品質很好的磨刀石	대성당 참회로에서 질 좋은 숫돌 모아오기	QUEST_JOBSTEP_20150317_001725	在大教堂的懺悔路收集優質磨刀石	대성당의 참회로에서 질 좋은 숫돌 모아오기	
QUEST_UNUSED_20170522_000836	造箭者大師要你幫忙取得足夠的品質很好的磨刀石。請在大教堂的懺悔路收集品質很好的磨刀石。{nl}	플레쳐 마스터는 질 좋은 숫돌을 잔뜩 구해 오라고 합니다. 대성당 참회로에서 질 좋은 숫돌을 모아오세요.{nl}	QUEST_JOBSTEP_20150317_001726	造箭者大師要你幫忙取得充足的優質磨刀石。請在大教堂的懺悔路收集優質磨刀石。{nl}	플레쳐 마스터는 질 좋은 숫돌을 잔뜩 구해 오라고 합니다. 대성당의 참회로에서 질 좋은 숫돌을 모아오세요.{nl}	
